SP_CODE,SCIENTIFIC_NAME,COMMON_NAME,ADULT,SIZE,SIZE_MIN_REF,SIZE_MAX_REF,GROUP,SURVEY,GUILD,SUBSTRATE_TYPE,MOBILITY,GROWTH_MORPH,WORMS_NAME,APHIAID,RANK,TAXON_KINGDOM,TAXON_PHYLUM,TAXON_CLASS,TAXON_ORDER,TAXON_FAMILY,TAXON_GENUS,TAXON_FORMER_GENUS,TAXON_FORMER_SPECIES
ND,.,No detritus ,.,.,.,.,.,DETRITUS,.,.,.,.,.,.,.,.,.,.,.,.,.,.,.
NOSP,.,no species present,.,.,.,.,.,QUAD,.,.,.,.,.,.,.,.,.,.,.,.,.,.,.
NOSP,.,no species present,.,.,.,.,.,SWATH,.,.,.,.,.,.,.,.,.,.,.,.,.,.,.
NOSP,.,no species present,.,.,.,.,.,UPC,.,.,.,.,.,.,.,.,.,.,.,.,.,.,.
NF,.,no fish present,.,.,.,.,FISH,CRYPTIC FISH,.,.,.,.,.,.,.,.,.,.,.,.,.,.,.
NF,.,no fish present,.,.,.,.,FISH,FISH,.,.,.,.,.,.,.,.,.,.,.,.,.,.,.
B,.,Bedrock,.,.,.,.,SUBSTRATE,UPC,.,.,.,.,.,.,.,.,.,.,.,.,.,.,.
BL,.,Boulder Large,.,.,.,.,SUBSTRATE,UPC,.,.,.,.,.,.,.,.,.,.,.,.,.,.,.
BM,.,Boulder Medium,.,.,.,.,SUBSTRATE,UPC,.,.,.,.,.,.,.,.,.,.,.,.,.,.,.
BS,.,Boulder Small,.,.,.,.,SUBSTRATE,UPC,.,.,.,.,.,.,.,.,.,.,.,.,.,.,.
C,.,Cobble,.,.,.,.,SUBSTRATE,UPC,.,.,.,.,.,.,.,.,.,.,.,.,.,.,.
HOLES,.,holes,.,.,.,.,SUBSTRATE,QUAD,.,.,.,.,.,.,.,.,.,.,.,.,.,.,.
ROCK,.,rock,.,.,.,.,SUBSTRATE,QUAD,.,.,.,.,.,.,.,.,.,.,.,.,.,.,.
S,.,Sand,.,.,.,.,SUBSTRATE,UPC,.,.,.,.,.,.,.,.,.,.,.,.,.,.,.
SH,.,Shell debris,.,.,.,.,SUBSTRATE,UPC,.,.,.,.,.,.,.,.,.,.,.,.,.,.,.
SS,.,Shallow Sand,.,.,.,.,SUBSTRATE,UPC,.,.,.,.,.,.,.,.,.,.,.,.,.,.,.
AB,Abietinaria spp.,Coarse Sea Fir Hydroid,AB,.,.,.,INVERT,UPC,PLANKTIVORE,HARD,SESSILE,AGGREGATED,Abietinaria,117225,Genus,Animalia,Cnidaria,Hydrozoa,Leptothecata,Sertulariidae,Abietinaria,.,.
HC,Acanthancora cyanocrypta,Cobalt Sponge,HC,.,.,.,INVERT,UPC,PLANKTIVORE,HARD,SESSILE,AGGREGATED,Acanthancora cyanocrypta,169126,Species,Animalia,Porifera,Demospongiae,Poecilosclerida,Hymedesmiidae,Acanthancora,Hymenamphiastra,cyanocrypta
AU,Acrosorium ciliolatum,.,AU,.,.,.,ALGAE,DETRITUS,PRODUCER,HARD,SESSILE,AGGREGATED,Acrosorium ciliolatum,295874,Species,Plantae,Rhodophyta,Florideophyceae,Ceramiales,Delesseriaceae,Acrosorium,Acrosorium,uncinatum
AU,Acrosorium ciliolatum,.,AU,.,.,.,ALGAE,UPC,PRODUCER,HARD,SESSILE,AGGREGATED,Acrosorium ciliolatum,295874,Species,Plantae,Rhodophyta,Florideophyceae,Ceramiales,Delesseriaceae,Acrosorium,Acrosorium,uncinatum
NEO,Agardhiella subulata,.,NEO,.,.,.,ALGAE,UPC,PRODUCER,HARD,SESSILE,SOLITARY,Agardhiella subulata,145677,Species,Plantae,Rhodophyta,Florideophyceae,Gigartinales,Solieriaceae,Agardhiella,.,.
AS,Agalophenia spp. ,Ostrich-Plume Hydroid,AS,.,.,.,INVERT,UPC,PLANKTIVORE,HARD,SESSILE,AGGREGATED,Aglaophenia,116999,Genus,Animalia,Cnidaria,Hydrozoa,Leptothecata,Aglaopheniidae,Aglaophenia,.,.
AHOL,Alloclinus holderi,Island Kelpfish,AHOL,.,3,14,FISH,CRYPTIC FISH,MICROCARNIVORE,HARD,MOBILE,SOLITARY,Alloclinus holderi,279560,Species,Animalia,Chordata,Actinopterygii,Perciformes,Labrisomidae,Alloclinus,.,.
BOW,Amathia gracilis,.,BOW,.,.,.,INVERT,UPC,PLANKTIVORE,HARD,SESSILE,AGGREGATED,Amathia gracilis,851589,Species,Animalia,Bryozoa,Gymnolaemata,Ctenostomatida,Vesiculariidae,Amathia,.,.
ATM,Ischyroceridae spp.,Amphipod tube mat,ATM,.,.,.,INVERT,UPC,MESOCARNIVORE,HARD,SESSILE,AGGREGATED,Ischyroceridae,101389,Family,Animalia,Arthropoda,Malacostraca,Amphipoda,Ischyroceridae,.,.,.
AMZO,Amphiroa beauvoisii,.,AMZO,.,.,.,ALGAE,UPC,PRODUCER,HARD,SESSILE,AGGREGATED,Amphiroa beauvoisii,145097,Species,Plantae,Rhodophyta,Florideophyceae,Corallinales,Lithophyllaceae,Amphiroa,.,.
ANPA,Anisocladella pacifica,.,ANPA,.,.,.,ALGAE,DETRITUS,PRODUCER,HARD,SESSILE,SOLITARY,Anisocladella pacifica,373900,Species,Plantae,Rhodophyta,Florideophyceae,Ceramiales,Delesseriaceae,Anisocladella,.,.
ANPA,Anisocladella pacifica,.,ANPA,.,.,.,ALGAE,UPC,PRODUCER,HARD,SESSILE,SOLITARY,Anisocladella pacifica,373900,Species,Plantae,Rhodophyta,Florideophyceae,Ceramiales,Delesseriaceae,Anisocladella,.,.
ANDA,Anisotremus davidsonii,Sargo,ANDA,.,8,44,FISH,FISH,MESOCARNIVORE,HARD,MOBILE,SOLITARY,Anisotremus davidsonii,279617,Species,Animalia,Chordata,Actinopterygii,Perciformes,Haemulidae,Anisotremus,.,.
ANSP,Anthopleura spp.,Aggregating anemone,ANSP,.,0.1,15,INVERT,QUAD,PLANKTIVORE,HARD,SESSILE,AGGREGATED,Anthopleura,100696,Genus,Animalia,Cnidaria,Anthozoa,Actiniaria,Actiniidae,Anthopleura,.,.
ANSP,Anthopleura spp.,Aggregating anemone,ANSP,.,.,.,INVERT,UPC,PLANKTIVORE,HARD,SESSILE,AGGREGATED,Anthopleura,100696,Genus,Animalia,Cnidaria,Anthozoa,Actiniaria,Actiniidae,Anthopleura,.,.
ANAR,Anthopleura artemisia,Moonglow Anemone,ANAR,.,.,.,INVERT,QUAD,PLANKTIVORE,HARD,SESSILE,SOLITARY,Anthopleura artemisia,283337,Species,Animalia,Cnidaria,Anthozoa,Actiniaria,Actiniidae,Anthopleura,.,.
ANAR,Anthopleura artemisia,Moonglow Anemone,ANAR,.,.,.,INVERT,UPC,PLANKTIVORE,HARD,SESSILE,SOLITARY,Anthopleura artemisia,283337,Species,Animalia,Cnidaria,Anthozoa,Actiniaria,Actiniidae,Anthopleura,.,.
ANSO,Anthopleura sola,Aggregating anemone,ANSO,.,.,.,INVERT,UPC,PLANKTIVORE,HARD,SESSILE,AGGREGATED,Anthopleura sola,240753,Species,Animalia,Cnidaria,Anthozoa,Actiniaria,Actiniidae,Anthopleura,.,.
UNAN,Unidentified anemone,Unidentified anemone,UNAN,.,.,.,INVERT,QUAD,PLANKTIVORE,HARD,SESSILE,SOLITARY,Anthozoa,1292,Class,Animalia,Cnidaria,Anthozoa,.,.,.,.,.
UNAN,Unidentified anemone,Unidentified anemone,UNAN,.,.,.,INVERT,UPC,PLANKTIVORE,HARD,SESSILE,SOLITARY,Anthozoa,1292,Class,Animalia,Cnidaria,Anthozoa,.,.,.,.,.
APCA,Aplysia californica,California Brown Sea Hare,APCA,.,2,40,INVERT,SWATH,GRAZER,HARD,MOBILE,SOLITARY,Aplysia californica,240765,Species,Animalia,Mollusca,Gastropoda,Aplysiida,Aplysiidae,Aplysia,.,.
APVA,Aplysia vaccaria,California Black Sea Hare,APVA,.,2,45,INVERT,SWATH,GRAZER,HARD,MOBILE,SOLITARY,Aplysia vaccaria,568031,Species,Animalia,Mollusca,Gastropoda,Aplysiida,Aplysiidae,Aplysia,.,.
CUKE,Apostichopus californicus,California Sea Cucumber,CUKE,.,12,30,INVERT,SWATH,DEPOSITFEEDER,HARD,MOBILE,SOLITARY,Apostichopus californicus,529363,Species,Animalia,Echinodermata,Holothuroidea,Synallactida,Stichopodidae,Apostichopus,.,.
PAPA,Apostichopus parvimensis,Warty Sea Cucumber,PAPA,.,5,45,INVERT,SWATH,DEPOSITFEEDER,HARD,MOBILE,SOLITARY,Apostichopus parvimensis,529435,Species,Animalia,Echinodermata,Holothuroidea,Synallactida,Stichopodidae,Apostichopus,.,.
UM,Arthropoda,Unidentifiable tube mat,UM,.,.,.,INVERT,UPC,PLANKTIVORE,HARD,SESSILE,AGGREGATED,Arthropoda,1065,Phylum,Animalia,Arthropoda,.,.,.,.,.,.
AL,Astrangia haimei,Aggregating cup Coral,AL,.,.,.,INVERT,UPC,PLANKTIVORE,HARD,SESSILE,AGGREGATED,Astrangia haimei,287121,Species,Animalia,Cnidaria,Anthozoa,Scleractinia,Rhizangiidae,Astrangia,.,.
ASAR,Astropecten armatus,.,ASAR,.,.,.,INVERT,SWATH,MESOCARNIVORE,HARD,MOBILE,SOLITARY,Astropecten armatus,292851,Species,Animalia,Echinodermata,Asteroidea,Paxillosida,Astropectinidae,Astropecten,.,.
ANOB,Atractoscion nobilis,White Sea Bass,ANOB,.,10,200,FISH,FISH,MACROCARNIVORE,HARD,SESSILE,SOLITARY,Atractoscion nobilis,278535,Species,Animalia,Chordata,Actinopterygii,Perciformes,Sciaenidae,Atractoscion,.,.
AUFL,Aulorhynchus flavidus,Tube-Snout,AUFL,.,2,20,FISH,FISH,MICROCARNIVORE,SOFT,MOBILE,SOLITARY,Aulorhynchus flavidus,279839,Species,Animalia,Chordata,Actinopterygii,Gasterosteiformes,Aulorhynchidae,Aulorhynchus,.,.
BAEL,Balanophyllia elegans,Orange Cup Coral,BAEL,.,0.1,2,INVERT,QUAD,PLANKTIVORE,HARD,SESSILE,AGGREGATED,Balanophyllia elegans,1288908,Species,Animalia,Cnidaria,Anthozoa,Scleractinia,Dendrophylliidae,Balanophyllia,.,.
BAEL,Balanophyllia elegans,Orange Cup Coral,BAEL,.,.,.,INVERT,UPC,PLANKTIVORE,HARD,SESSILE,AGGREGATED,Balanophyllia elegans,1288908,Species,Animalia,Cnidaria,Anthozoa,Scleractinia,Dendrophylliidae,Balanophyllia,.,.
BRSP,Barentsia sp.,.,BRSP,.,.,.,INVERT,UPC,PLANKTIVORE,HARD,SESSILE,AGGREGATED,Barentsia,111795,Genus,Animalia,Entoprocta,.,.,Barentsiidae,Barentsia,.,.
BO,Bossiella orbigniana,.,BO,.,.,.,ALGAE,DETRITUS,PRODUCER,HARD,SESSILE,AGGREGATED,Bossiella orbigniana,372744,Species,Plantae,Rhodophyta,Florideophyceae,Corallinales,Corallinaceae,Bossiella,.,.
BO,Bossiella orbigniana,.,BO,.,.,.,ALGAE,UPC,PRODUCER,HARD,SESSILE,AGGREGATED,Bossiella orbigniana,372744,Species,Plantae,Rhodophyta,Florideophyceae,Corallinales,Corallinaceae,Bossiella,.,.
BOTH,Unidentified Flatfish spp.,Unidentified Flatfish spp.,BOTH,.,6,36,FISH,FISH,MESOCARNIVORE,SOFT,MOBILE,SOLITARY,Bothidae,125576,Family,Animalia,Chordata,Actinopterygii,Pleuronectiformes,Bothidae,.,.,.
BOPS,Botrylloides spp.,.,BOPS,.,.,.,INVERT,UPC,PLANKTIVORE,HARD,SESSILE,AGGREGATED,Botrylloides,103528,Genus,Animalia,Chordata,Ascidiacea,Stolidobranchia,Styelidae,Botrylloides,.,.
BPSE,Botryocladia pseudodichotoma,Sea grapes,BPSE,.,.,.,ALGAE,UPC,PRODUCER,SOFT,SESSILE,SOLITARY,Botryocladia,372536,Species,Plantae,Rhodophyta,Florideophyceae,Rhodymeniales,Rhodomelaceae,Botryocladia,Chrysymenia,.
BFRE,Brachyistius frenatus,Kelp Surfperch,BFRE,.,3,18,FISH,FISH,MICROCARNIVORE,HARD,MOBILE,SOLITARY,Brachyistius frenatus,240721,Species,Animalia,Chordata,Actinopterygii,Perciformes,Embiotocidae,Brachyistius,.,.
ECB,Unidentified Encrusting Bryozoa spp. ,Encrusting Bryozoan,ECB,.,.,.,INVERT,UPC,PLANKTIVORE,HARD,SESSILE,AGGREGATED,Bryozoa,146142,Phylum,Animalia,Bryozoa,.,.,.,.,.,.
UAB,Unidentified Arborescent Bryozoan,Unidentified Arborescent Bryozoan,UAB,.,.,.,INVERT,UPC,PLANKTIVORE,HARD,SESSILE,AGGREGATED,Bryozoa,146142,Phylum,Animalia,Bryozoa,.,.,.,.,.,.
BN,Bugula neritina,.,BN,.,.,.,INVERT,UPC,PLANKTIVORE,HARD,SESSILE,AGGREGATED,Bugula neritina,111158,Species,Animalia,Bryozoa,Gymnolaemata,Cheilostomatida,Bugulidae,Bugula,.,.
BCAL,Bugulina californica,Spiral Bryozoan,BCAL,.,.,.,INVERT,UPC,PLANKTIVORE,HARD,SESSILE,AGGREGATED,Bugulina californica,833997,Species,Animalia,Bryozoa,Gymnolaemata,Cheilostomatida,Bugulidae,Bugulina,.,.
COCA,Californiconus californicus,Califonia Cone Snail,COCA,.,0.4,4,INVERT,QUAD,MICROCARNIVORE,HARD,MOBILE,AGGREGATED,Californiconus californicus,581058,Species,Animalia,Mollusca,Gastropoda,Neogastropoda,Conidae,Californiconus,.,.
CAL,Calliarthron cheilosporioides,.,CAL,.,.,.,ALGAE,DETRITUS,PRODUCER,HARD,SESSILE,AGGREGATED,Calliarthron cheilosporioides,494958,Species,Plantae,Rhodophyta,Florideophyceae,Corallinales,Corallinaceae,Calliarthron,.,.
CAL,Calliarthron cheilosporioides,.,CAL,.,.,.,ALGAE,UPC,PRODUCER,HARD,SESSILE,AGGREGATED,Calliarthron cheilosporioides,494958,Species,Plantae,Rhodophyta,Florideophyceae,Corallinales,Corallinaceae,Calliarthron,.,.
CF,Callophyllis flabellulata,.,CF,.,.,.,ALGAE,DETRITUS,PRODUCER,HARD,SESSILE,SOLITARY,Callophyllis flabellulata,496241,Species,Plantae,Rhodophyta,Florideophyceae,Gigartinales,Kallymeniaceae,Callophyllis,.,.
CF,Callophyllis flabellulata,.,CF,.,.,.,ALGAE,UPC,PRODUCER,HARD,SESSILE,SOLITARY,Callophyllis flabellulata,496241,Species,Plantae,Rhodophyta,Florideophyceae,Gigartinales,Kallymeniaceae,Callophyllis,.,.
CASP,Cancer spp. ,Cancer Crab,CASP,.,2,20,INVERT,SWATH,MESOCARNIVORE,HARD,MOBILE,SOLITARY,Cancer,106876,Genus,Animalia,Arthropoda,Malacostraca,Decapoda,Cancridae,Cancer,.,.
CAPR,Caulolatilus princeps,Ocean Whitefish,CAPR,.,20,55,FISH,FISH,MICROCARNIVORE,HARD,MOBILE,SOLITARY,Caulolatilus princeps,276217,Species,Animalia,Chordata,Actinopterygii,Perciformes,Malacanthidae,Caulolatilus,.,.
CESP,Cellaria diffusa; Cellaria mandibulata,.,CESP,.,.,.,INVERT,UPC,PLANKTIVORE,HARD,SESSILE,AGGREGATED,Cellaria,110869,Genus,Animalia,Bryozoa,Gymnolaemata,Cheilostomatida,Cellariidae,Cellaria,.,.
COST,Celleporina robertsoniae,Orange Byozoan,COST,.,.,.,INVERT,UPC,PLANKTIVORE,HARD,SESSILE,AGGREGATED,Celleporina robertsoniae,469568,Species,Animalia,Bryozoa,Gymnolaemata,Cheilostomatida,Celleporidae,Celleporina,Costazia,robertsoniae
CECO,Centrostephanus coronatus,Crowned Sea Urchin,CECO,.,2,8,INVERT,QUAD,GRAZER,HARD,MOBILE,SOLITARY,Centrostephanus coronatus,513165,Species,Animalia,Echinodermata,Echinoidea,Diadematoida,Diadematidae,Centrostephanus,.,.
CVEN,Cephaloscyllium ventriosum,Swell Shark,CVEN,.,20,75,FISH,FISH,MACROCARNIVORE,HARD,MOBILE,SOLITARY,Cephaloscyllium ventriosum,277105,Species,Animalia,Chordata,Elasmobranchii,Carcharhiniformes,Scyliorhinidae,Cephaloscyllium,.,.
FTHR,Neoptilota spp.; Ptilota spp.; Rhodoptilum spp.,Ceramiales Complex: Neoptilota Ptilota Rhodoptilum Pterosiphonia,FTHR,.,.,.,ALGAE,DETRITUS,PRODUCER,HARD,SESSILE,SOLITARY,Ceramiales,860,Order,Plantae,Rhodophyta,Florideophyceae,Ceramiales,.,.,Ceramiales,.
FTHR,Neoptilota spp.; Ptilota spp.; Rhodoptilum spp.,Ceramiales Complex: Neoptilota Ptilota Rhodoptilum Pterosiphonia,FTHR,.,.,.,ALGAE,UPC,PRODUCER,HARD,SESSILE,SOLITARY,Ceramiales,860,Order,Plantae,Rhodophyta,Florideophyceae,Ceramiales,.,.,Ceramiales,.
CHOV,Chaceia ovoidea,Wart-Neck Piddock,CHOV,.,1.49,5,INVERT,QUAD,PLANKTIVORE,HARD,SESSILE,AGGREGATED,Chaceia ovoidea,367969,Species,Animalia,Mollusca,Bivalvia,Myida,Pholadidae,Chaceia,.,.
CHOV,Chaceia ovoidea,Wart-Neck Piddock,CHOV,.,.,.,INVERT,UPC,PLANKTIVORE,HARD,SESSILE,AGGREGATED,Chaceia ovoidea,367969,Species,Animalia,Mollusca,Bivalvia,Myida,Pholadidae,Chaceia,.,.
CSAT,Cheilotrema saturnum,Black Croaker,CSAT,.,8,42,FISH,FISH,MESOCARNIVORE,HARD,MOBILE,SOLITARY,Cheilotrema saturnum,280137,Species,Animalia,Chordata,Actinopterygii,Perciformes,Sciaenidae,Cheilotrema,.,.
CHPR,Chelyosoma productum,Disc-Top Tunicate,CHPR,.,.,.,INVERT,UPC,PLANKTIVORE,HARD,SESSILE,AGGREGATED,Chelyosoma productum,250013,Species,Animalia,Chordata,Ascidiacea,Phlebobranchia,Corellidae,Chelyosoma,.,.
FG,Ulva spp.; Sponogomorpha spp.,Filamentous green,FG,.,.,.,ALGAE,UPC,PRODUCER,HARD,SESSILE,SOLITARY,Ulvophyceae,146216,Class,Plantae,Chlorophyta,Ulvophyceae,.,.,.,.,.
CC,Chondracanthus corymbiferus; Chondracanthus exasperatus,.,CC,.,.,.,ALGAE,DETRITUS,PRODUCER,HARD,SESSILE,SOLITARY,Chondracanthus,144153,Genus,Plantae,Rhodophyta,Florideophyceae,Gigartinales,Gigartinaceae,Chondracanthus,Mazzaella or Gigartina,californica
CC,Chondracanthus corymbiferus; Chondracanthus exasperatus,.,CC,.,.,.,ALGAE,UPC,PRODUCER,HARD,SESSILE,SOLITARY,Chondracanthus,144153,Genus,Plantae,Rhodophyta,Florideophyceae,Gigartinales,Gigartinaceae,Chondracanthus,Mazzaella or Gigartina,californica
CZ,Chondracanthus spinosus,.,CZ,.,.,.,ALGAE,DETRITUS,PRODUCER,HARD,SESSILE,SOLITARY,Chondracanthus spinosus,371725,Species,Plantae,Rhodophyta,Florideophyceae,Gigartinales,Gigartinaceae,Chondracanthus,Gigartina,spinosa
CZ,Chondracanthus spinosus,.,CZ,.,.,.,ALGAE,UPC,PRODUCER,HARD,SESSILE,SOLITARY,Chondracanthus spinosus,371725,Species,Plantae,Rhodophyta,Florideophyceae,Gigartinales,Gigartinaceae,Chondracanthus,Gigartina,spinosa
UT,Unidentified Didemnidae spp. ,Unidentified compound tunicate,UT,.,.,.,INVERT,UPC,PLANKTIVORE,HARD,SESSILE,AGGREGATED,Didemnidae,103439,Family,Animalia,Chordata,Ascidiacea,Aplousobranchia,Didemnidae,.,.,.
CPUN,Chromis punctipinnis,Blacksmith,CPUN,.,1,45,FISH,FISH,PLANKTIVORE,HARD,MOBILE,SOLITARY,Chromis punctipinnis,273751,Species,Animalia,Chordata,Actinopterygii,Perciformes,Pomacentridae,Chromis,.,.
CSTI,Citharichthys stigmaeus,Speckled Sanddab,CSTI,.,2,16,FISH,CRYPTIC FISH,MESOCARNIVORE,SOFT,MOBILE,SOLITARY,Citharichthys stigmaeus,275696,Species,Animalia,Chordata,Actinopterygii,Pleuronectiformes,Paralichthyidae,Citharichthys,.,.
CG,Cladophora graminea,.,CG,.,.,.,ALGAE,DETRITUS,PRODUCER,HARD,SESSILE,SOLITARY,Cladophora graminea,371785,Species,Plantae,Chlorophyta,Ulvophyceae,Cladophorales,Cladophoraceae,Cladophora,.,.
CG,Cladophora graminea,.,CG,.,.,.,ALGAE,UPC,PRODUCER,HARD,SESSILE,SOLITARY,Cladophora graminea,371785,Species,Plantae,Chlorophyta,Ulvophyceae,Cladophorales,Cladophoraceae,Cladophora,.,.
CL,Clavelina huntsmani,Light Bulb Tunicate,CL,.,.,.,INVERT,UPC,PLANKTIVORE,HARD,SESSILE,SOLITARY,Clavelina huntsmani,250311,Species,Animalia,Chordata,Ascidiacea,Aplousobranchia,Clavelinidae,Clavelina,.,.
COF,Codium fragile,Dead Man's Fingers,COF,.,.,.,ALGAE,DETRITUS,PRODUCER,HARD,SESSILE,SOLITARY,Codium fragile,145086,Species,Plantae,Chlorophyta,Ulvophyceae,Bryopsidales,Codiaceae,Codium,.,.
COF,Codium fragile,Dead Man's Fingers,COF,.,.,.,ALGAE,UPC,PRODUCER,HARD,SESSILE,SOLITARY,Codium fragile,145086,Species,Plantae,Chlorophyta,Ulvophyceae,Bryopsidales,Codiaceae,Codium,.,.
CP,Colpomenia peregrina,.,CP,.,.,.,ALGAE,DETRITUS,PRODUCER,HARD,SESSILE,SOLITARY,Colpomenia peregrina,145856,Species,Chromista,Ochrophyta,Phaeophyceae,Ectocarpales,Scytosiphonaceae,Colpomenia,.,.
CP,Colpomenia peregrina,.,CP,.,.,.,ALGAE,UPC,PRODUCER,HARD,SESSILE,SOLITARY,Colpomenia peregrina,145856,Species,Chromista,Ochrophyta,Phaeophyceae,Ectocarpales,Scytosiphonaceae,Colpomenia,.,.
CO,Corallina officinalis,Pink Feather Coralline,CO,.,.,.,ALGAE,DETRITUS,PRODUCER,HARD,SESSILE,SOLITARY,Corallina officinalis,145108,Species,Plantae,Rhodophyta,Florideophyceae,Corallinales,Corallinaceae,Corallina,Corallina,officinalis
CO,Corallina officinalis,Pink Feather Coralline,CO,.,.,.,ALGAE,UPC,PRODUCER,HARD,SESSILE,SOLITARY,Corallina officinalis,145108,Species,Plantae,Rhodophyta,Florideophyceae,Corallinales,Corallinaceae,Corallina,Corallina,officinalis
EC,crustose coralline algae spp.,Encrusting Coralline,EC,.,.,.,ALGAE,UPC,PRODUCER,HARD,SESSILE,AGGREGATED,Corallinales,15308,Order,Plantae,Rhodophyta,Florideophyceae,Corallinales,.,.,.,.
CY,Corynactis californica,Club-Tipped Anemone,CY,.,.,.,INVERT,UPC,PLANKTIVORE,HARD,SESSILE,AGGREGATED,Corynactis californica,283836,Species,Animalia,Cnidaria,Anthozoa,Corallimorpharia,Corallimorphidae,Corynactis,.,.
COTT,Unidentified Cottidae,Unidentified Sculpin Spp,COTT,.,1,25,FISH,CRYPTIC FISH,MICROCARNIVORE,HARD,MOBILE,SOLITARY,Cottidae,125589,Family,Animalia,Chordata,Actinopterygii,Scorpaeniformes,Cottidae,.,.,.
CRGI,Crassadoma gigantea,Rock Scallop,CRGI,.,2,25,INVERT,SWATH,PLANKTIVORE,HARD,SESSILE,SOLITARY,Crassadoma gigantea,240774,Species,Animalia,Mollusca,Bivalvia,Pectinida,Pectinidae,Crassadoma,Hinnites,giganteus
CRGI,Crassadoma gigantea,Rock Scallop,CRGI,.,.,.,INVERT,UPC,PLANKTIVORE,HARD,SESSILE,SOLITARY,Crassadoma gigantea,240774,Species,Animalia,Mollusca,Bivalvia,Pectinida,Pectinidae,Crassadoma,Hinnites,giganteus
CROC,Crisia occidentalis,White Tuft Bryozoans,CROC,.,.,.,INVERT,UPC,PLANKTIVORE,HARD,SESSILE,AGGREGATED,Crisia occidentalis,111700,Species,Animalia,Bryozoa,Stenolaemata,Cyclostomatida,Crisiidae,Crisia,.,.
CRYP,Cryptopleura spp.,.,CRYP,.,.,.,ALGAE,DETRITUS,PRODUCER,HARD,SESSILE,SOLITARY,Cryptopleura,143882,Genus,Plantae,Rhodophyta,Florideophyceae,Ceramiales,Delesseriaceae,Cryptopleura,.,.
CRYP,Cryptopleura spp.,.,CRYP,.,.,.,ALGAE,UPC,PRODUCER,HARD,SESSILE,SOLITARY,Cryptopleura,143882,Genus,Plantae,Rhodophyta,Florideophyceae,Ceramiales,Delesseriaceae,Cryptopleura,.,.
BF,Cryptopleura ruprechtiana,Grape Tounge,BF,.,.,.,ALGAE,DETRITUS,PRODUCER,HARD,SESSILE,AGGREGATED,Cryptopleura ruprechtiana,372561,Species,Plantae,Rhodophyta,Florideophyceae,Ceramiales,Delesseriaceae,Cryptopleura,Botryoglossum,farlowianum
BF,Cryptopleura ruprechtiana,Grape Tounge,BF,.,.,.,ALGAE,UPC,PRODUCER,HARD,SESSILE,AGGREGATED,Cryptopleura ruprechtiana,372561,Species,Plantae,Rhodophyta,Florideophyceae,Ceramiales,Delesseriaceae,Cryptopleura,Botryoglossum,farlowianum
CUSP,Cucumaria salma; Cucumaria miniata,.,CUSP,.,0.8,8,INVERT,QUAD,PLANKTIVORE,HARD,SESSILE,SOLITARY,Cucumaria,123479,Genus,Animalia,Echinodermata,Holothuroidea,Dendrochirotida,Cucumariidae,Cucumaria,.,.
CUSP,Cucumaria salma; Cucumaria miniata,.,CUSP,.,.,.,INVERT,UPC,PLANKTIVORE,HARD,SESSILE,SOLITARY,Cucumaria,123479,Genus,Animalia,Echinodermata,Holothuroidea,Dendrochirotida,Cucumariidae,Cucumaria,.,.
CUMI,Cucumaria miniata,Red Sea Cucumber,CUMI,.,.,.,INVERT,QUAD,PLANKTIVORE,HARD,SESSILE,SOLITARY,Cucumaria miniata,225807,Species,Animalia,Echinodermata,Holothuroidea,Dendrochirotida,Cucumariidae,Cucumaria,.,.
CUMI,Cucumaria miniata,Red Sea Cucumber,CUMI,.,.,.,INVERT,UPC,PLANKTIVORE,HARD,SESSILE,SOLITARY,Cucumaria miniata,225807,Species,Animalia,Echinodermata,Holothuroidea,Dendrochirotida,Cucumariidae,Cucumaria,.,.
CUPI,Cucumaria piperata,Salt and Pepper Cucumber,CUPI,.,.,.,INVERT,UPC,PLANKTIVORE,HARD,SESSILE,SOLITARY,Cucumaria piperata,529459,Species,Animalia,Echinodermata,Holothuroidea,Dendrochirotida,Cucumariidae,Cucumaria,.,.
CUSA,Cucumaria salma,.,CUSA,.,.,.,INVERT,QUAD,PLANKTIVORE,HARD,SESSILE,SOLITARY,Cucumaria salma,529193,Species,Animalia,Echinodermata,Holothuroidea,Dendrochirotida,Cucumariidae,Cucumaria,.,.
CUSA,Cucumaria salma,.,CUSA,.,.,.,INVERT,UPC,PLANKTIVORE,HARD,SESSILE,SOLITARY,Cucumaria salma,529193,Species,Animalia,Echinodermata,Holothuroidea,Dendrochirotida,Cucumariidae,Cucumaria,.,.
CAGG,Cymatogaster aggregata,Shiner Surfperch,CAGG,.,3,28,FISH,FISH,MICROCARNIVORE,HARD,MOBILE,SOLITARY,Cymatogaster aggregata,280461,Species,Animalia,Chordata,Actinopterygii,Perciformes,Embiotocidae,Cymatogaster,.,.
ES,Unidentified Demospongiae spp.,Encrusting sponge,ES,.,.,.,INVERT,UPC,PLANKTIVORE,HARD,SESSILE,AGGREGATED,Demospongiae,164811,Class,Animalia,Porifera,Demospongiae,.,.,.,.,.
DIL,Dermasterias imbricata,Leather Star,DIL,adult (>2.5cm),2.5,38,INVERT,SWATH,MESOCARNIVORE,HARD,MOBILE,SOLITARY,Dermasterias imbricata,240771,Species,Animalia,Echinodermata,Asteroidea,Valvatida,Asteropseidae,Dermasterias,.,.
DIS,Dermasterias imbricata,Leather Star,DIL,juvenile (<2.5cm),1,2.5,INVERT,QUAD,MESOCARNIVORE,HARD,MOBILE,SOLITARY,Dermasterias imbricata,240771,Species,Animalia,Echinodermata,Asteroidea,Valvatida,Asteropseidae,Dermasterias,.,.
DL,Desmarestia ligulata,Acid Weed,DL,.,.,.,ALGAE,DETRITUS,PRODUCER,HARD,SESSILE,SOLITARY,Desmarestia ligulata,145309,Species,Chromista,Ochrophyta,Phaeophyceae,Desmarestiales,Desmarestiaceae,Desmarestia,.,.
DL,Desmarestia ligulata,Acid Weed,DL,.,.,.,ALGAE,UPC,PRODUCER,HARD,SESSILE,SOLITARY,Desmarestia ligulata,145309,Species,Chromista,Ochrophyta,Phaeophyceae,Desmarestiales,Desmarestiaceae,Desmarestia,.,.
DC,Diaperoforma californica,Southern Staghorn Bryozoan,DC,.,.,.,INVERT,UPC,PLANKTIVORE,HARD,SESSILE,AGGREGATED,Diaperoforma californica,472584,Species,Animalia,Bryozoa,Stenolaemata,Cyclostomatida,.,Diaperoforma,Diaperoecia,californica
DU,Dictyopteris undulata,.,DU,.,.,.,ALGAE,UPC,PRODUCER,HARD,SESSILE,SOLITARY,Dictyopteris undulata,372001,Species,Chromista,Ochrophyta,Phaeophyceae,Dictyotales,Dictyotaceae,Dictyopteris,.,.
DP,Dictyota binghamiae; Dictyota flabellata; Dictyota coriacea,.,DP,.,.,.,ALGAE,DETRITUS,PRODUCER,HARD,SESSILE,SOLITARY,Dictyota,144086,Genus,Chromista,Ochrophyta,Phaeophyceae,Dictyotales,Dictyotaceae,Dictyota,Dictyota,.
DP,Dictyota binghamiae; Dictyota flabellata; Dictyota coriacea,.,DP,.,.,.,ALGAE,UPC,PRODUCER,HARD,SESSILE,SOLITARY,Dictyota,144086,Genus,Chromista,Ochrophyta,Phaeophyceae,Dictyotales,Dictyotaceae,Dictyota,Dictyota,.
DISP,Didemnum spp.,.,DISP,.,.,.,INVERT,UPC,PLANKTIVORE,HARD,SESSILE,AGGREGATED,Didemnum,103456,Genus,Animalia,Chordata,Ascidiacea,Aplousobranchia,Didemnidae,Didemnum,.,.
DIOR,Diopatra ornata,Ornate Tube Worm,DIOR,.,.,.,INVERT,QUAD,PLANKTIVORE,SOFT,SESSILE,SOLITARY,Diopatra ornata,326964,Species,Animalia,Annelida,Polychaeta,Eunicida,Onuphidae,Diopatra,.,.
DIOR,Diopatra ornata,Ornate Tube Worm,DIOR,.,.,.,INVERT,UPC,PLANKTIVORE,SOFT,SESSILE,SOLITARY,Diopatra ornata,326964,Species,Animalia,Annelida,Polychaeta,Eunicida,Onuphidae,Diopatra,.,.
ARUD,Discophyton rudyi,Octocoral,ARUD,.,.,.,INVERT,UPC,PLANKTIVORE,HARD,SESSILE,SOLITARY,Discophyton rudyi,289828,Species,Animalia,Cnidaria,Anthozoa,Alcyonacea,Alcyoniidae,Discophyton,.,.
DOFE,Dodecaceria fewkesi,Colonial Tube Worm,DOFE,.,.,.,INVERT,UPC,PLANKTIVORE,HARD,SESSILE,SOLITARY,Dodecaceria fewkesi,327435,Species,Animalia,Annelida,Polychaeta,Terebellida,Cirratulidae,Dodecaceria,.,.
FB,Ectocarpaceae spp.,Filamentous brown & Diatom Mats,FB,.,.,.,ALGAE,DETRITUS,PRODUCER,HARD,SESSILE,AGGREGATED,Ectocarpaceae,143717,Family,Chromista,Ochrophyta,Phaeophyceae,Ectocarpales,Ectocarpaceae,.,.,.
FB,Ectocarpaceae spp.,Filamentous brown & Diatom Mats,FB,.,.,.,ALGAE,UPC,PRODUCER,HARD,SESSILE,AGGREGATED,Ectocarpaceae,143717,Family,Chromista,Ochrophyta,Phaeophyceae,Ectocarpales,Ectocarpaceae,.,.,.
EGJ,Egregia menziesii,Feather Boa Kelp,EGME,juvenile (<1m height),.,.,ALGAE,DETRITUS,PRODUCER,HARD,SESSILE,SOLITARY,Egregia menziesii,372502,Species,Chromista,Ochrophyta,Phaeophyceae,Laminariales,Lessoniaceae,Egregia,.,.
EGJ,Egregia menziesii,Feather Boa Kelp,EGME,juvenile (<1m height),.,.,ALGAE,QUAD,PRODUCER,HARD,SESSILE,SOLITARY,Egregia menziesii,372502,Species,Chromista,Ochrophyta,Phaeophyceae,Laminariales,Lessoniaceae,Egregia,.,.
EGME,Egregia menziesii,Feather Boa Kelp,EGME,(>1m height),.,.,ALGAE,DETRITUS,PRODUCER,HARD,SESSILE,SOLITARY,Egregia menziesii,372502,Species,Chromista,Ochrophyta,Phaeophyceae,Laminariales,Lessoniaceae,Egregia,.,.
EGME,Egregia menziesii,Feather Boa Kelp,EGME,(>1m height),1,30,ALGAE,SWATH,PRODUCER,HARD,SESSILE,SOLITARY,Egregia menziesii,372502,Species,Chromista,Ochrophyta,Phaeophyceae,Laminariales,Lessoniaceae,Egregia,.,.
EH,Egregia menziesii,.,EH,holdfast,.,.,ALGAE,UPC,PRODUCER,HARD,SESSILE,SOLITARY,Egregia menziesii,372502,Species,Chromista,Ochrophyta,Phaeophyceae,Laminariales,Lessoniaceae,Egregia,.,.
EA,Eisenia arborea,Southern Palm Kelp,EA,adult (> 5cm stipe),3,80,ALGAE,SWATH,PRODUCER,HARD,SESSILE,SOLITARY,Eisenia arborea,371990,Species,Chromista,Ochrophyta,Phaeophyceae,Laminariales,Lessoniaceae,Eisenia,.,.
EAH,Eisenia arborea,.,EAH,holdfast,.,.,ALGAE,UPC,PRODUCER,HARD,SESSILE,SOLITARY,Eisenia arborea,371990,Species,Chromista,Ochrophyta,Phaeophyceae,Laminariales,Lessoniaceae,Eisenia,.,.
EAJ,Eisenia arborea,.,EA,juvenile (< 5cm stipe),.,.,ALGAE,QUAD,PRODUCER,HARD,SESSILE,SOLITARY,Eisenia arborea,371990,Species,Chromista,Ochrophyta,Phaeophyceae,Laminariales,Lessoniaceae,Eisenia,.,.
EMBI,Unidentified Surfperch spp.,Unidentified Surfperch Spp.,EMBI,.,4,25,FISH,FISH,MICROCARNIVORE,HARD,MOBILE,SOLITARY,Embiotoca,240718,Genus,Animalia,Chordata,Actinopterygii,Perciformes,Embiotocidae,Embiotoca,.,.
EJAC,Embiotoca jacksoni,Black Surfperch,EJAC,.,4,40,FISH,FISH,MICROCARNIVORE,HARD,MOBILE,SOLITARY,Embiotoca jacksoni,240746,Species,Animalia,Chordata,Actinopterygii,Perciformes,Embiotocidae,Embiotoca,.,.
ELAT,Embiotoca lateralis,Striped Surfperch,ELAT,.,6,30,FISH,FISH,MICROCARNIVORE,HARD,MOBILE,SOLITARY,Embiotoca lateralis,240740,Species,Animalia,Chordata,Actinopterygii,Perciformes,Embiotocidae,Embiotoca,.,.
AR,Eudistoma psammion,Sand Tunicate,AR,.,.,.,INVERT,UPC,PLANKTIVORE,HARD,SESSILE,AGGREGATED,Eudistoma psammion,250242,Species,Animalia,Chordata,Ascidiacea,Aplousobranchia,Polycitoridae,Eudistoma,Archidistoma,spp.
EUPO,Eudistylia polymorpha,Feather Duster Worm,EUPO,.,0.25,3,INVERT,QUAD,PLANKTIVORE,HARD,SESSILE,SOLITARY,Eudistylia polymorpha,333269,Species,Animalia,Annelida,Polychaeta,Sabellida,Sabellidae,Eudistylia,.,.
EUPO,Eudistylia polymorpha,Feather Duster Worm,EUPO,.,.,.,INVERT,UPC,PLANKTIVORE,HARD,SESSILE,SOLITARY,Eudistylia polymorpha,333269,Species,Animalia,Annelida,Polychaeta,Sabellida,Sabellidae,Eudistylia,.,.
EUCL,Euherdmania claviformis,Tunic-Band Compound Tunicate,EUCL,.,.,.,INVERT,UPC,PLANKTIVORE,HARD,SESSILE,AGGREGATED,Euherdmania claviformis,250653,Species,Animalia,Chordata,Ascidiacea,Aplousobranchia,Euherdmaniidae,Euherdmania,.,.
EUQU,Eupentacta quinquesemita,White Sea Cucumber,EUQU,.,1,8,INVERT,QUAD,PLANKTIVORE,HARD,SESSILE,SOLITARY,Eupentacta quinquesemita,529305,Species,Animalia,Echinodermata,Holothuroidea,Dendrochirotida,Sclerodactylidae,Eupentacta,.,.
EUQU,Eupentacta quinquesemita,White Sea Cucumber,EUQU,.,.,.,INVERT,UPC,PLANKTIVORE,HARD,SESSILE,SOLITARY,Eupentacta quinquesemita,529305,Species,Animalia,Echinodermata,Holothuroidea,Dendrochirotida,Sclerodactylidae,Eupentacta,.,.
DIAT,Fragilariaceae,diatom mat,DIAT,.,.,.,ALGAE,UPC,PRODUCER,HARD,SESSILE,AGGREGATED,Fragilariaceae,148952,Family,Chromista,Ochrophyta,Bacillariophyceae,Fragilariales,Fragilariaceae,.,.,.
GAGA,Galeorhinus galeus,Soupfin Shark,GAGA,.,150,300,FISH,FISH,MACROCARNIVORE,HARD,MOBILE,SOLITARY,Galeorhinus galeus,105820,Species,Animalia,Chordata,Elasmobranchii,Carcharhiniformes,Triakidae,Galeorhinus,.,.
GEL,Gelidium,.,GEL,.,.,.,ALGAE,UPC,PRODUCER,HARD,SESSILE,AGGREGATED,Gelidium,144135,Genus,Plantae,Rhodophyta,Florideophyceae,Gelidiales,Gelidiaceae,Gelidium,.,.
GR,Gelidium spp. ,Agarweed,GR,.,.,.,ALGAE,DETRITUS,PRODUCER,HARD,SESSILE,AGGREGATED,Gelidium,144135,Genus,Plantae,Rhodophyta,Florideophyceae,Gelidiales,Gelidiaceae,Gelidium,.,.
GR,Gelidium spp. ,Agarweed,GR,.,.,.,ALGAE,UPC,PRODUCER,HARD,SESSILE,AGGREGATED,Gelidium,144135,Genus,Plantae,Rhodophyta,Florideophyceae,Gelidiales,Gelidiaceae,Gelidium,.,.
CLIN,Gibbonsia,Crevice Kelpfish,CLIN,.,2,21,FISH,CRYPTIC FISH,MICROCARNIVORE,HARD,MOBILE,SOLITARY,Gibbonsia,269206,Genus,Animalia,Chordata,Actinopterygii,Perciformes,Clinidae,Gibbonsia,.,.
GNIG,Girella nigricans,Opaleye,GNIG,.,14,66,FISH,FISH,MICROCARNIVORE,HARD,MOBILE,SOLITARY,Girella nigricans,280865,Species,Animalia,Chordata,Actinopterygii,Perciformes,Kyphosidae,Girella,.,.
FASP,Gloiocladia fryeana,.,FASP,.,.,.,ALGAE,UPC,PRODUCER,HARD,SESSILE,SOLITARY,Gloiocladia fryeana,503888,Species,Plantae,Rhodophyta,Florideophyceae,Rhodymeniales,Faucheaceae,Gloiocladia,Gloiocladia,.
GS,Gracilaria spp.,.,GS,.,.,.,ALGAE,DETRITUS,PRODUCER,HARD,SESSILE,AGGREGATED,Gracilaria,144188,Genus,Plantae,Rhodophyta,Florideophyceae,Gracilariales,Gracilariaceae,Gracilaria,.,.
GS,Gracilaria spp.,.,GS,.,.,.,ALGAE,UPC,PRODUCER,HARD,SESSILE,AGGREGATED,Gracilaria,144188,Genus,Plantae,Rhodophyta,Florideophyceae,Gracilariales,Gracilariaceae,Gracilaria,.,.
GYSP,Gymnogongrus spp.,.,GYSP,.,.,.,ALGAE,DETRITUS,PRODUCER,HARD,SESSILE,SOLITARY,Gymnogongrus,144168,Genus,Plantae,Rhodophyta,Florideophyceae,Gigartinales,Phyllophoraceae,Gymnogongrus,.,.
GYSP,Gymnogongrus spp.,.,GYSP,.,.,.,ALGAE,UPC,PRODUCER,HARD,SESSILE,SOLITARY,Gymnogongrus,144168,Genus,Plantae,Rhodophyta,Florideophyceae,Gigartinales,Phyllophoraceae,Gymnogongrus,.,.
GYMO,Gymnothorax mordax,California Moray,GYMO,.,30,60,FISH,FISH,MACROCARNIVORE,HARD,MOBILE,SOLITARY,Gymnothorax mordax,271856,Species,Animalia,Chordata,Actinopterygii,Anguilliformes,Muraenidae,Gymnothorax,.,.
XCAL,Haemulon californiensis,Salema,XCAL,.,5,20,FISH,FISH,MESOCARNIVORE,SOFT,MOBILE,SOLITARY,Haemulon californiensis,1020317,Species,Animalia,Chordata,Actinopterygii,Perciformes,Haemulidae,Haemulon,.,.
HADE,Halcampa decemtentaculata,Ten-Tentacle Burrowing Anemone,HADE,.,.,.,INVERT,UPC,PLANKTIVORE,HARD,SESSILE,SOLITARY,Halcampa decemtentaculata,283565,Species,Animalia,Cnidaria,Anthozoa,Actiniaria,Halcampidae,Halcampa,.,.
HSEM,Halichoeres semicinctus,Rock Wrasse,HSEM,.,3,40,FISH,FISH,MESOCARNIVORE,HARD,MOBILE,SOLITARY,Halichoeres semicinctus,275798,Species,Animalia,Chordata,Actinopterygii,Perciformes,Labridae,Halichoeres,.,.
HACO,Haliotis corrugata,Pink Abalone,HACO,.,5,22,INVERT,SWATH,GRAZER,HARD,MOBILE,SOLITARY,Haliotis corrugata,445308,Species,Animalia,Mollusca,Gastropoda,Lepetellida,Haliotidae,Haliotis,.,.
HACR,Haliotis cracherodii,Black Abalone,HACR,.,5,20,INVERT,SWATH,GRAZER,HARD,MOBILE,SOLITARY,Haliotis cracherodii,405012,Species,Animalia,Mollusca,Gastropoda,Lepetellida,Haliotidae,Haliotis,.,.
HAKA,Haliotis kamtschatkana,Threaded Abalone,HAKA,.,.,.,INVERT,SWATH,GRAZER,HARD,MOBILE,SOLITARY,Haliotis kamtschatkana,405014,Species,Animalia,Mollusca,Gastropoda,Lepetellida,Haliotidae,Haliotis,Haliotis,kamtschatkana
HARU,Haliotis rufescens,Red Abalone,HARU,.,5,28,INVERT,SWATH,GRAZER,HARD,MOBILE,SOLITARY,Haliotis rufescens,445357,Species,Animalia,Mollusca,Gastropoda,Lepetellida,Haliotidae,Haliotis,.,.
HAGL,Halosaccion glandiforme,Sea Nipples,HAGL,.,.,.,ALGAE,UPC,PRODUCER,HARD,SESSILE,AGGREGATED,Halosaccion glandiforme,372579,Species,Plantae,Rhodophyta,Florideophyceae,Palmariales,Palmariaceae,Halosaccion,.,.
HEFR,Heterodontus francisci,Horn Shark,HEFR,.,35,70,FISH,FISH,MACROCARNIVORE,HARD,MOBILE,SOLITARY,Heterodontus francisci,276694,Species,Animalia,Chordata,Elasmobranchii,Heterodontiformes,Heterodontidae,Heterodontus,.,.
HPAC,Heteropora pacifica,Northern Staghorn Bryozoan,HPAC,.,.,.,INVERT,UPC,PLANKTIVORE,HARD,SESSILE,SOLITARY,Heteropora pacifica,718279,Species,Animalia,Bryozoa,Stenolaemata,Cyclostomatida,Heteroporidae,Heteropora,.,.
HROS,Heterostichus rostratus,Giant Kelpfish,HROS,juvenile,.,.,FISH,CRYPTIC FISH,MICROCARNIVORE,HARD,MOBILE,SOLITARY,Heterostichus rostratus,281075,Species,Animalia,Chordata,Actinopterygii,Perciformes,Clinidae,Heterostichus,.,.
HROS,Heterostichus rostratus,Giant Kelpfish,HROS,.,3,36,FISH,FISH,MICROCARNIVORE,HARD,MOBILE,SOLITARY,Heterostichus rostratus,281075,Species,Animalia,Chordata,Actinopterygii,Perciformes,Clinidae,Heterostichus,.,.
HDEC,Hexagrammos decagrammus,Kelp Greenling,HDEC,.,9,45,FISH,FISH,MESOCARNIVORE,HARD,MOBILE,SOLITARY,Hexagrammos decagrammus,240732,Species,Animalia,Chordata,Actinopterygii,Scorpaeniformes,Hexagrammidae,Hexagrammos,.,.
HEGR,Hexanchus griseus,Sixgill Shark,HEGR,.,100,300,FISH,FISH,MACROCARNIVORE,HARD,MOBILE,SOLITARY,Hexanchus griseus,105833,Species,Animalia,Chordata,Elasmobranchii,Hexanchiformes,Hexanchidae,Hexanchus,.,.
HART,Hiatella arctica,.,HART,.,.,.,INVERT,UPC,PLANKTIVORE,HARD,SESSILE,SOLITARY,Hiatella arctica,140103,Species,Animalia,Mollusca,Bivalvia,Adapedonta,Hiatellidae,Hiatella,.,.
UIH,Ectopleura crocea; Eudendrium californicum; Schuchertinia milleri,Unidentified hydroid,UIH,.,.,.,INVERT,UPC,PLANKTIVORE,HARD,SESSILE,AGGREGATED,Anthoathecata,13551,Order,Animalia,Cnidaria,Hydrozoa,Anthoathecata,.,.,.,.
HARG,Hyperprosopon argenteum,Walleye Surfperch,HARG,.,7,25,FISH,FISH,MICROCARNIVORE,HARD,MOBILE,SOLITARY,Hyperprosopon argenteum,281098,Species,Animalia,Chordata,Actinopterygii,Perciformes,Embiotocidae,Hyperprosopon,.,.
HCAR,Hypsurus caryi,Rainbow Surfperch,HCAR,.,3,35,FISH,FISH,MICROCARNIVORE,HARD,MOBILE,SOLITARY,Hypsurus caryi,240717,Species,Animalia,Chordata,Actinopterygii,Perciformes,Embiotocidae,Hypsurus,.,.
HRUB,Hypsypops rubicundus,Garibaldi,HRUB,.,3,42,FISH,FISH,MICROCARNIVORE,HARD,MOBILE,SOLITARY,Hypsypops rubicundus,281130,Species,Animalia,Chordata,Actinopterygii,Perciformes,Pomacentridae,Hypsypops,.,.
IR,Mazzaella spp. ,.,IR,.,.,.,ALGAE,UPC,PRODUCER,HARD,SESSILE,SOLITARY,Mazzaella,369878,Genus,Plantae,Rhodophyta,Florideophyceae,Gigartinales,Gigartinaceae,Mazzaella,Iridaea,.
MT,Jellyella tuberculata,Kelp Bryozoan,MT,.,.,.,INVERT,UPC,PLANKTIVORE,HARD,SESSILE,AGGREGATED,Jellyella tuberculata,396730,Species,Animalia,Bryozoa,Gymnolaemata,Cheilostomatida,Membraniporidae,Jellyella,Membranipora, tuberculata
KEKE,Kelletia kelletii,Kellet's Welk,KEKE,.,2.5,23,INVERT,SWATH,MICROCARNIVORE,HARD,MOBILE,SOLITARY,Kelletia kelletii,491054,Species,Animalia,Mollusca,Gastropoda,Neogastropoda,Buccinidae,Kelletia,.,.
SKE,Kelletia kelletii,Kellet's Welk,KEKE,.,0.3,2.5,INVERT,QUAD,MICROCARNIVORE,HARD,MOBILE,SOLITARY,Kelletia kelletii,491054,Species,Animalia,Mollusca,Gastropoda,Neogastropoda,Buccinidae,Kelletia,.,.
LAFA,Laminaria farlowii,Oar Weed,LAFA,(adult >15cm bld width),.,.,ALGAE,DETRITUS,PRODUCER,HARD,SESSILE,SOLITARY,Laminaria farlowii,372698,Species,Chromista,Ochrophyta,Phaeophyceae,Laminariales,Laminariaceae,Laminaria,.,.
LAFA,Laminaria farlowii,Oar Weed,LAFA,(adult >15cm bld width),15,250,ALGAE,SWATH,PRODUCER,HARD,SESSILE,SOLITARY,Laminaria farlowii,372698,Species,Chromista,Ochrophyta,Phaeophyceae,Laminariales,Laminariaceae,Laminaria,.,.
LFJ,Laminaria farlowii,.,LAFA,juvenile (<15cm bld width),.,.,ALGAE,QUAD,PRODUCER,HARD,SESSILE,SOLITARY,Laminaria farlowii,372698,Species,Chromista,Ochrophyta,Phaeophyceae,Laminariales,Laminariaceae,Laminaria,.,.
LH,Laminaria farlowii,.,LH,holdfast,.,.,ALGAE,UPC,PRODUCER,HARD,SESSILE,SOLITARY,Laminaria farlowii,372698,Species,Chromista,Ochrophyta,Phaeophyceae,Laminariales,Laminariaceae,Laminaria,.,.
LS,Laurencia spp.,.,LS,.,.,.,ALGAE,DETRITUS,PRODUCER,HARD,SESSILE,AGGREGATED,Laurencia,143914,Genus,Plantae,Rhodophyta,Florideophyceae,Ceramiales,Rhodomelaceae,Laurencia,.,.
LS,Laurencia spp.,.,LS,.,.,.,ALGAE,UPC,PRODUCER,HARD,SESSILE,AGGREGATED,Laurencia,143914,Genus,Plantae,Rhodophyta,Florideophyceae,Ceramiales,Rhodomelaceae,Laurencia,.,.
LHIR,Leiocottus hirundo,Lavender Sculpin,LHIR,.,3,35,FISH,CRYPTIC FISH,MICROCARNIVORE,HARD,MOBILE,SOLITARY,Leiocottus hirundo,281282,Species,Animalia,Chordata,Actinopterygii,Scorpaeniformes,Cottidae,Leiocottus,.,.
LOCH,Leptogorgia chilensis,Red Gorgonian,LOCH,.,3,61,INVERT,SWATH,PLANKTIVORE,HARD,SESSILE,SOLITARY,Leptogorgia chilensis,286222,Species,Animalia,Cnidaria,Anthozoa,Alcyonacea,Gorgoniidae,Leptogorgia,Lophogorgia,chilensis
LOCH,Leptogorgia chilensis,Red Gorgonian,LOCH,.,.,.,INVERT,UPC,PLANKTIVORE,HARD,SESSILE,SOLITARY,Leptogorgia chilensis,286222,Species,Animalia,Cnidaria,Anthozoa,Alcyonacea,Gorgoniidae,Leptogorgia,Lophogorgia,chilensis
BLD,Unidentifiable juvenile kelp ,Unidentifiable juvenile kelp - not a unique species,BLD,juvenile (<3cm height),0.5,3,ALGAE,QUAD,PRODUCER,HARD,SESSILE,SOLITARY,Lessoniaceae,196198,Family,Chromista,Ochrophyta,Phaeophyceae,Laminariales,Lessoniaceae,.,.,.
BLD,Unidentifiable juvenile kelp ,Unidentifiable juvenile kelp - not a unique species,BLD,juvenile (<3cm height),.,.,ALGAE,UPC,PRODUCER,HARD,SESSILE,SOLITARY,Lessoniaceae,196198,Family,Chromista,Ochrophyta,Phaeophyceae,Laminariales,Lessoniaceae,.,.,.
LNUT,Leucilla nuttingi,Urn Sponge,LNUT,.,.,.,INVERT,UPC,PLANKTIVORE,HARD,SESSILE,AGGREGATED,Leucilla nuttingi,164219,Species,Animalia,Porifera,Calcarea,Leucosolenida,Amphoriscidae,Leucilla,.,.
LINU,Lissothuria nutriens,Scarlet Sea Cucumber,LINU,.,.,.,INVERT,UPC,PLANKTIVORE,HARD,SESSILE,SOLITARY,Lissothuria nutriens,529527,Species,Animalia,Echinodermata,Holothuroidea,Dendrochirotida,Psolidae,Lissothuria,.,.
LIGL,Pomaulax gibberosus; Megastraea undosa,Wavey Turbin Snail,LIGL,adult (>9 cm),9,20,INVERT,SWATH,GRAZER,HARD,MOBILE,SOLITARY,Turbininae,225151,Subfamily,Animalia,Mollusca,Gastropoda,Trochida,Turbinidae,.,Lithopoma,gibberosa
LIGS,Pomaulax gibberosus; Megastraea undosa,Wavey Turbin Snail,LIGL,juvenile (<9 cm),1,8.9,INVERT,QUAD,GRAZER,HARD,MOBILE,SOLITARY,Turbininae,225151,Subfamily,Animalia,Mollusca,Gastropoda,Trochida,Turbinidae,.,Lithopoma,gibberosa
LIUL,Megastraea undosa,Smooth Turbin Snail,LIUL,adult (>9 cm),.,.,INVERT,SWATH,GRAZER,HARD,MOBILE,SOLITARY,Megastraea undosa,528084,Species,Animalia,Mollusca,Gastropoda,Trochida,Turbinidae,Megastraea,Lithopoma,undosum
LIUS,Megastraea undosa,Smooth Turbin Snail,LIUL,juvenile (<9 cm),.,.,INVERT,QUAD,GRAZER,HARD,MOBILE,SOLITARY,Megastraea undosa,528084,Species,Animalia,Mollusca,Gastropoda,Trochida,Turbinidae,Megastraea,Lithopoma,undosum
LI,Lithothrix aspergillum,Stone Hair,LI,.,.,.,ALGAE,UPC,PRODUCER,HARD,SESSILE,SOLITARY,Lithothrix aspergillum,372598,Species,Plantae,Rhodophyta,Florideophyceae,Corallinales,Lithophyllaceae,Lithothrix,.,.
LOGR,Loxorhynchus grandis,Sheep Crab,LOGR,.,6,40,INVERT,SWATH,MESOCARNIVORE,HARD,MOBILE,SOLITARY,Loxorhynchus grandis,441602,Species,Animalia,Arthropoda,Malacostraca,Decapoda,Epialtidae,Loxorhynchus,.,.
LA,Lytechinus pictus,White Sea Urchin,LA,.,1,6,INVERT,QUAD,GRAZER,HARD,MOBILE,SOLITARY,Lytechinus pictus,513378,Species,Animalia,Echinodermata,Echinoidea,Camarodonta,Toxopneustidae,Lytechinus,.,.
LDAL,Lythrypnus dalli,Bluebanded Goby,LDAL,.,2,12,FISH,CRYPTIC FISH,MICROCARNIVORE,HARD,MOBILE,SOLITARY,Lythrypnus dalli,281457,Species,Animalia,Chordata,Actinopterygii,Perciformes,Gobiidae,Lythrypnus,.,.
DMH,Macrocystis pyrifera,Dead Macrocystis Holdfast,DMH,dead holdfast,.,.,ALGAE,DETRITUS,PRODUCER,HARD,SESSILE,SOLITARY,Macrocystis pyrifera,232231,Species,Chromista,Ochrophyta,Phaeophyceae,Laminariales,Laminariaceae,Macrocystis,.,.
DMH,Macrocystis pyrifera,Dead Macrocystis Holdfast,DMH,dead holdfast,.,.,ALGAE,UPC,PRODUCER,HARD,SESSILE,SOLITARY,Macrocystis pyrifera,232231,Species,Chromista,Ochrophyta,Phaeophyceae,Laminariales,Laminariaceae,Macrocystis,.,.
MAPY,Macrocystis pyrifera,Giant Kelp,MAPY,adult,.,.,ALGAE,DETRITUS,PRODUCER,HARD,SESSILE,SOLITARY,Macrocystis pyrifera,232231,Species,Chromista,Ochrophyta,Phaeophyceae,Laminariales,Laminariaceae,Macrocystis,.,.
MAPY,Macrocystis pyrifera,Giant Kelp,MAPY,adult,.,.,ALGAE,KELP,PRODUCER,HARD,SESSILE,SOLITARY,Macrocystis pyrifera,232231,Species,Chromista,Ochrophyta,Phaeophyceae,Laminariales,Laminariaceae,Macrocystis,.,.
MH,Macrocystis pyrifera,Giant Kelp Holdfast,MAPY,holdfast,.,.,ALGAE,DETRITUS,PRODUCER,HARD,SESSILE,SOLITARY,Macrocystis pyrifera,232231,Species,Chromista,Ochrophyta,Phaeophyceae,Laminariales,Laminariaceae,Macrocystis,.,.
MH,Macrocystis pyrifera,Giant Kelp Holdfast,MAPY,holdfast,.,.,ALGAE,UPC,PRODUCER,HARD,SESSILE,SOLITARY,Macrocystis pyrifera,232231,Species,Chromista,Ochrophyta,Phaeophyceae,Laminariales,Laminariaceae,Macrocystis,.,.
MPJ,Macrocystis pyrifera,Kelp,MAPY,juvenile (<1m height),.,.,ALGAE,DETRITUS,PRODUCER,HARD,SESSILE,SOLITARY,Macrocystis pyrifera,232231,Species,Chromista,Ochrophyta,Phaeophyceae,Laminariales,Laminariaceae,Macrocystis,.,.
MPJ,Macrocystis pyrifera,Kelp,MAPY,juvenile (<1m height),3,99,ALGAE,QUAD,PRODUCER,HARD,SESSILE,SOLITARY,Macrocystis pyrifera,232231,Species,Chromista,Ochrophyta,Phaeophyceae,Laminariales,Laminariaceae,Macrocystis,.,.
MPJ33,Macrocystis pyrifera,Kelp,MAPY,juvenile (0-33cm height),.,.,ALGAE,QUAD,PRODUCER,HARD,SESSILE,SOLITARY,Macrocystis pyrifera,232231,Species,Chromista,Ochrophyta,Phaeophyceae,Laminariales,Laminariaceae,Macrocystis,.,.
MPJ66,Macrocystis pyrifera,Kelp,MAPY,juvenile (33.1-66 cm height),.,.,ALGAE,QUAD,PRODUCER,HARD,SESSILE,SOLITARY,Macrocystis pyrifera,232231,Species,Chromista,Ochrophyta,Phaeophyceae,Laminariales,Laminariaceae,Macrocystis,.,.
MPJ99,Macrocystis pyrifera,Kelp,MAPY,juvenile (66.1-99 cm height),.,.,ALGAE,QUAD,PRODUCER,HARD,SESSILE,SOLITARY,Macrocystis pyrifera,232231,Species,Chromista,Ochrophyta,Phaeophyceae,Laminariales,Laminariaceae,Macrocystis,.,.
MPS,Macrocystis pyrifera,Giant Kelp subadult,MAPY,stipe,.,.,ALGAE,DETRITUS,PRODUCER,HARD,SESSILE,SOLITARY,Macrocystis pyrifera,232231,Species,Chromista,Ochrophyta,Phaeophyceae,Laminariales,Laminariaceae,Macrocystis,.,.
MPS,Macrocystis pyrifera,Giant Kelp subadult,MAPY,stipe,.,.,ALGAE,KELP,PRODUCER,HARD,SESSILE,SOLITARY,Macrocystis pyrifera,232231,Species,Chromista,Ochrophyta,Phaeophyceae,Laminariales,Laminariaceae,Macrocystis,.,.
MPS,Macrocystis pyrifera,Giant Kelp subadult,MAPY,subadult,.,.,ALGAE,SWATH,PRODUCER,HARD,SESSILE,SOLITARY,Macrocystis pyrifera,232231,Species,Chromista,Ochrophyta,Phaeophyceae,Laminariales,Laminariaceae,Macrocystis,.,.
MCAL,Medialuna californiensis,Halfmoon,MCAL,.,11,45,FISH,FISH,MICROCARNIVORE,HARD,MOBILE,SOLITARY,Medialuna californiensis,281541,Species,Animalia,Chordata,Actinopterygii,Perciformes,Kyphosidae,Medialuna,.,.
MEAE,Mediaster,.,MEAE,.,.,.,INVERT,SWATH,MESOCARNIVORE,HARD,MOBILE,SOLITARY,Mediaster,123298,Genus,Animalia,Echinodermata,Asteroidea,Valvatida,Goniasteridae,Mediaster,.,.
BA,Balanomorpha spp.,Barnacles,BA,.,.,.,INVERT,UPC,PLANKTIVORE,HARD,SESSILE,AGGREGATED,Balanomorpha,106039,Suborder,Animalia,Arthropoda,Hexanauplia,Sessilia,.,.,Megabalanus,californicus
MECR,Megathura crenulata,Giant Key Hole Limpet,MECR,.,4,25,INVERT,SWATH,GRAZER,HARD,MOBILE,SOLITARY,Megathura crenulata,527885,Species,Animalia,Mollusca,Gastropoda,Lepetellida,Fissurellidae,Megathura,.,.
SFL,Mesocentrotus franciscanus,Red Urchin,SFL,adult (>=2.5cm),2.5,15,INVERT,QUAD,GRAZER,HARD,MOBILE,SOLITARY,Mesocentrotus franciscanus,591102,Species,Animalia,Echinodermata,Echinoidea,Camarodonta,Strongylocentrotidae,Mesocentrotus,Strongylocentrotus,franciscanus
SFL,Mesocentrotus franciscanus,Red Urchin,SFL,adult (>=2.5cm),2.5,15,INVERT,URCHINS,GRAZER,HARD,MOBILE,SOLITARY,Mesocentrotus franciscanus,591102,Species,Animalia,Echinodermata,Echinoidea,Camarodonta,Strongylocentrotidae,Mesocentrotus,Strongylocentrotus,franciscanus
SFS,Mesocentrotus franciscanus,Red Urchin,SFL,juvenile (<2.5cm),1,2.49,INVERT,QUAD,GRAZER,HARD,MOBILE,SOLITARY,Mesocentrotus franciscanus,591102,Species,Animalia,Echinodermata,Echinoidea,Camarodonta,Strongylocentrotidae,Mesocentrotus,Strongylocentrotus,franciscanus
SFS,Mesocentrotus franciscanus,Red Urchin,SFL,juvenile (<2.5cm),1,2.49,INVERT,URCHINS,GRAZER,HARD,MOBILE,SOLITARY,Mesocentrotus franciscanus,591102,Species,Animalia,Echinodermata,Echinoidea,Camarodonta,Strongylocentrotidae,Mesocentrotus,Strongylocentrotus,franciscanus
MISE,Metridium dianthus,Clonal Plumose Anemone,MISE,.,.,.,INVERT,UPC,PLANKTIVORE,HARD,SESSILE,AGGREGATED,Metridium dianthus,158251,Species,Animalia,Cnidaria,Anthozoa,Actiniaria,Metridiidae,Metridium,.,.
MIID,Atrimitra idae,Ida's Mitre,MIID,.,0.25,7,INVERT,QUAD,MICROCARNIVORE,HARD,MOBILE,SOLITARY,Atrimitra idae,1074819,Species,Animalia,Mollusca,Gastropoda,Neogastropoda,Mitridae,Atrimitra,Mitra,idea
MUCA,Muricea californica,California Golden Gorgonian,MUCA,adult (> 5cm),2,67,INVERT,SWATH,PLANKTIVORE,HARD,SESSILE,SOLITARY,Muricea californica,287556,Species,Animalia,Cnidaria,Anthozoa,Alcyonacea,Plexauridae,Muricea,.,.
MUCA,Muricea californica,California Golden Gorgonian,MUCA,any size,.,.,INVERT,UPC,PLANKTIVORE,HARD,SESSILE,SOLITARY,Muricea californica,287556,Species,Animalia,Cnidaria,Anthozoa,Alcyonacea,Plexauridae,Muricea,.,.
MUCAJ,Muricea californica,California Golden Gorgonian,MUCA,juvenile (<5cm),1,4.9,INVERT,QUAD,PLANKTIVORE,HARD,SESSILE,SOLITARY,Muricea californica,287556,Species,Animalia,Cnidaria,Anthozoa,Alcyonacea,Plexauridae,Muricea,.,.
MUFR,Muricea fruticosa,Brown Gorgonian,MUFR,.,3,60,INVERT,UPC,PLANKTIVORE,HARD,SESSILE,SOLITARY,Muricea fruticosa,287562,Species,Animalia,Cnidaria,Anthozoa,Alcyonacea,Plexauridae,Muricea,.,.
MUFR,Muricea fruticosa,Brown Gorgonian,MUFR,.,3,60,INVERT,SWATH,PLANKTIVORE,HARD,SESSILE,SOLITARY,Muricea fruticosa,287562,Species,Animalia,Cnidaria,Anthozoa,Alcyonacea,Plexauridae,Muricea,.,.
BRAY,Myliobatis californica,Bat Ray,BRAY,.,30,180,FISH,FISH,MESOCARNIVORE,SOFT,MOBILE,SOLITARY,Myliobatis californica,271485,Species,Animalia,Chordata,Elasmobranchii,Myliobatiformes,Myliobatidae,Myliobatis,.,.
MC,Mytilus californianus,California Mussel,MC,.,.,.,INVERT,UPC,PLANKTIVORE,HARD,SESSILE,SOLITARY,Mytilus californianus,367837,Species,Animalia,Mollusca,Bivalvia,Mytilida,Mytilidae,Mytilus,.,.
CYSP,Neobernaya spadicea,Chestnut Cowry,CYSP,.,2,8,INVERT,QUAD,GRAZER,HARD,MOBILE,SOLITARY,Neobernaya spadicea,580674,Species,Animalia,Mollusca,Gastropoda,Littorinimorpha,Cypraeidae,Neobernaya,Cypraea,spadicea 
NBLA,Neoclinus blanchardi,Sarcastic Fringehead,NBLA,.,3,20,FISH,CRYPTIC FISH,MICROCARNIVORE,HARD,MOBILE,SOLITARY,Neoclinus blanchardi,281679,Species,Animalia,Chordata,Actinopterygii,Perciformes,Chaenopsidae,Neoclinus,.,.
NA,Nienburgia andersoniana,.,NA,.,.,.,ALGAE,DETRITUS,PRODUCER,HARD,SESSILE,AGGREGATED,Nienburgia andersoniana,372617,Species,Plantae,Rhodophyta,Florideophyceae,Ceramiales,Delesseriaceae,Nienburgia,.,.
NA,Nienburgia andersoniana,.,NA,.,.,.,ALGAE,UPC,PRODUCER,HARD,SESSILE,AGGREGATED,Nienburgia andersoniana,372617,Species,Plantae,Rhodophyta,Florideophyceae,Ceramiales,Delesseriaceae,Nienburgia,.,.
NOCE,Notorynchus cepedianus,Broadnose sevengill shark,NOCE,.,150,300,FISH,FISH,MACROCARNIVORE,HARD,MOBILE,SOLITARY,Notorynchus cepedianus,217628,Species,Animalia,Chordata,Elasmobranchii,Hexanchiformes,Hexanchidae,Notorynchus,,
NONO,Norrisia norrisii,Norris's Topsnail,NONO,.,1,7,INVERT,QUAD,GRAZER,HARD,MOBILE,SOLITARY,Norrisia norrisii,534181,Species,Animalia,Mollusca,Gastropoda,Trochida,Tegulidae,Norrisia,.,.
OBSP,Obelia spp.,Wine-Glass Hydroid,OBSP,.,.,.,INVERT,UPC,PLANKTIVORE,HARD,SESSILE,AGGREGATED,Obelia,117034,Genus,Animalia,Cnidaria,Hydrozoa,Leptothecata,Campanulariidae,Obelia,.,.
OCTO,Octopus spp. ,.,OCTO,.,.,.,INVERT,QUAD,MACROCARNIVORE,HARD,MOBILE,SOLITARY,Octopus,138268,Genus,Animalia,Mollusca,Cephalopoda,Octopoda,Octopodidae,Octopus,.,.
OCTO,Octopus spp. ,.,OCTO,.,4,52,INVERT,SWATH,MACROCARNIVORE,HARD,MOBILE,SOLITARY,Octopus,138268,Genus,Animalia,Mollusca,Cephalopoda,Octopoda,Octopodidae,Octopus,.,.
OELO,Ophiodon elongatus,Lingcod,OELO,.,20,80,FISH,FISH,MACROCARNIVORE,HARD,MOBILE,SOLITARY,Ophiodon elongatus,240745,Species,Animalia,Chordata,Actinopterygii,Scorpaeniformes,Hexagrammidae,Ophiodon,.,.
OPES,Ophioplocus esmarki,Smooth Brittle Star,OPES,.,1,6,INVERT,QUAD,PLANKTIVORE,HARD,MOBILE,SOLITARY,Ophioplocus esmarki,243980,Species,Animalia,Echinodermata,Ophiuroidea,Amphilepidida,Hemieuryalidae,Ophioplocus,.,.
OPES,Ophioplocus esmarki,Smooth Brittle Star,OPES,.,.,.,INVERT,UPC,PLANKTIVORE,HARD,MOBILE,SOLITARY,Ophioplocus esmarki,243980,Species,Animalia,Echinodermata,Ophiuroidea,Amphilepidida,Hemieuryalidae,Ophioplocus,.,.
OPSP,Ophiothrix spiculata,Spiny Brittle Star,OPSP,.,0.25,6,INVERT,QUAD,PLANKTIVORE,HARD,MOBILE,SOLITARY,Ophiothrix spiculata,245237,Species,Animalia,Echinodermata,Ophiuroidea,Amphilepidida,Ophiotrichidae,Ophiothrix,.,.
OKL,Orthasterias koehleri,Rainbow Star,OKL,adult (>=2.5cm),2.5,25,INVERT,SWATH,MESOCARNIVORE,HARD,MOBILE,SOLITARY,Orthasterias koehleri,255048,Species,Animalia,Echinodermata,Asteroidea,Forcipulatida,Asteriidae,Orthasterias,.,.
OKS,Orthasterias koehleri,Rainbow Star,OKL,juvenile (<2.5cm),1,2.5,INVERT,QUAD,MESOCARNIVORE,HARD,MOBILE,SOLITARY,Orthasterias koehleri,255048,Species,Animalia,Echinodermata,Asteroidea,Forcipulatida,Asteriidae,Orthasterias,.,.
LX,Osmundea spectabilis,.,LX,.,.,.,ALGAE,UPC,PRODUCER,HARD,SESSILE,AGGREGATED,Osmundea spectabilis,372624,Species,Plantae,Rhodophyta,Florideophyceae,Ceramiales,Rhodomelaceae,Osmundea,Laurencia,spectabilis
OCAL,Oxyjulis californica,Senorita,OCAL,.,2,30,FISH,FISH,MICROCARNIVORE,HARD,MOBILE,SOLITARY,Oxyjulis californica,240727,Species,Animalia,Chordata,Actinopterygii,Perciformes,Labridae,Oxyjulis,.,.
OPIC,Oxylebius pictus,Painted Greenling,OPIC,.,1,20,FISH,CRYPTIC FISH,MICROCARNIVORE,HARD,MOBILE,SOLITARY,Oxylebius pictus,240743,Species,Animalia,Chordata,Actinopterygii,Scorpaeniformes,Hexagrammidae,Oxylebius,.,.
PAFI,Pachycerianthus fimbriatus,Tube Dwelling Anemone,PAFI,.,1,5,INVERT,QUAD,PLANKTIVORE,SOFT,SESSILE,SOLITARY,Pachycerianthus fimbriatus,283820,Species,Animalia,Cnidaria,Anthozoa,Spirularia,Cerianthidae,Pachycerianthus,.,.
PAFI,Pachycerianthus fimbriatus,Tube Dwelling Anemone,PAFI,.,.,.,INVERT,UPC,PLANKTIVORE,SOFT,SESSILE,SOLITARY,Pachycerianthus fimbriatus,283820,Species,Animalia,Cnidaria,Anthozoa,Spirularia,Cerianthidae,Pachycerianthus,.,.
PRUB,Pachythyone rubra,.,PRUB,.,0.5,43,INVERT,QUAD,PLANKTIVORE,HARD,SESSILE,SOLITARY,Pachythyone rubra,529582,Species,Animalia,Echinodermata,Holothuroidea,Dendrochirotida,Sclerodactylidae,Pachythyone,.,.
PRUB,Pachythyone rubra,.,PRUB,.,.,.,INVERT,UPC,PLANKTIVORE,HARD,SESSILE,SOLITARY,Pachythyone rubra,529582,Species,Animalia,Echinodermata,Holothuroidea,Dendrochirotida,Sclerodactylidae,Pachythyone,.,.
PAIN,Panulirus interruptus,California Spiny Lobster,PAIN,.,2.5,15,INVERT,SWATH,MESOCARNIVORE,HARD,MOBILE,SOLITARY,Panulirus interruptus,382898,Species,Animalia,Arthropoda,Malacostraca,Decapoda,Palinuridae,Panulirus,.,.
PAST,Paracyathus stearnsii,Brown Cup Coral,PAST,.,0.5,2,INVERT,QUAD,PLANKTIVORE,HARD,SESSILE,SOLITARY,Paracyathus stearnsii,286830,Species,Animalia,Cnidaria,Anthozoa,Scleractinia,Caryophylliidae,Paracyathus,.,.
PAST,Paracyathus stearnsii,Brown Cup Coral,PAST,.,.,.,INVERT,UPC,PLANKTIVORE,HARD,SESSILE,SOLITARY,Paracyathus stearnsii,286830,Species,Animalia,Cnidaria,Anthozoa,Scleractinia,Caryophylliidae,Paracyathus,.,.
PCLA,Paralabrax clathratus,Kelp Bass,PCLA,.,4,70,FISH,FISH,MACROCARNIVORE,HARD,MOBILE,SOLITARY,Paralabrax clathratus,282054,Species,Animalia,Chordata,Actinopterygii,Perciformes,Serranidae,Paralabrax,.,.
PNEB,Paralabrax nebulifer,Barred Sandbass,PNEB,.,4,65,FISH,FISH,MACROCARNIVORE,HARD,MOBILE,SOLITARY,Paralabrax nebulifer,282059,Species,Animalia,Chordata,Actinopterygii,Perciformes,Serranidae,Paralabrax,.,.
PCAL,Paralichthys californicus,California Halibut,PCAL,.,10,105,FISH,FISH,MACROCARNIVORE,SOFT,MOBILE,SOLITARY,Paralichthys californicus,275809,Species,Animalia,Chordata,Actinopterygii,Pleuronectiformes,Paralichthyidae,Paralichthys,.,.
PACA,Parapholas californica,Scaleside Piddock,PACA,.,0.1,4.5,INVERT,QUAD,PLANKTIVORE,HARD,SESSILE,SOLITARY,Parapholas californica,507009,Species,Animalia,Mollusca,Bivalvia,Myida,Pholadidae,Parapholas,.,.
PACA,Parapholas californica,Scaleside Piddock,PACA,.,.,.,INVERT,UPC,PLANKTIVORE,HARD,SESSILE,SOLITARY,Parapholas californica,507009,Species,Animalia,Mollusca,Bivalvia,Myida,Pholadidae,Parapholas,.,.
AML,Patiria miniata,Bat Star,AML,adult (>=2.5cm),2.5,21,INVERT,SWATH,MESOCARNIVORE,HARD,MOBILE,SOLITARY,Patiria miniata,382131,Species,Animalia,Echinodermata,Asteroidea,Valvatida,Asterinidae,Patiria,Asterina,miniata
AMLD,Patiria miniata,Bat Star Wasting Disease,AML,.,.,.,INVERT,SWATH,MESOCARNIVORE,HARD,MOBILE,SOLITARY,Patiria miniata,382131,Species,Animalia,Echinodermata,Asteroidea,Valvatida,Asterinidae,Patiria,Asterina,miniata
AMS,Patiria miniata,Bat Star,AML,juvenile (<2.5cm),1,2.49,INVERT,QUAD,MESOCARNIVORE,HARD,MOBILE,SOLITARY,Patiria miniata,382131,Species,Animalia,Echinodermata,Asteroidea,Valvatida,Asterinidae,Patiria,Asterina,miniata
UBB,Unidentifiable small brown blade,Unidentified brown blade - not a unique species,UBB,.,.,.,ALGAE,DETRITUS,PRODUCER,HARD,SESSILE,SOLITARY,Phaeophyceae,830,Class,Chromista,Ochrophyta,Phaeophyceae,.,.,.,.,.
UBB,Unidentifiable small brown blade,Unidentified brown blade - not a unique species,UBB,.,.,.,ALGAE,UPC,PRODUCER,HARD,SESSILE,SOLITARY,Phaeophyceae,830,Class,Chromista,Ochrophyta,Phaeophyceae,.,.,.,.,.
PFUR,Phanerodon furcatus,White Surfperch,PFUR,.,4,40,FISH,FISH,MICROCARNIVORE,HARD,MOBILE,SOLITARY,Phanerodon furcatus,240730,Species,Animalia,Chordata,Actinopterygii,Perciformes,Embiotocidae,Phanerodon,.,.
PLAB,Phidolopora labiata,Lattice-Work Bryozoan,PLAB,.,.,.,INVERT,UPC,PLANKTIVORE,HARD,SESSILE,AGGREGATED,Phidolopora labiata,711852,Species,Animalia,Bryozoa,Gymnolaemata,Cheilostomatida,Phidoloporidae,Phidolopora,.,.
PU,Pholadidae,Pholad Unidentified,PU,.,0.1,3,INVERT,QUAD,PLANKTIVORE,HARD,SESSILE,SOLITARY,Pholadidae,252,Family,Animalia,Mollusca,Bivalvia,Myida,Pholadidae,.,.,.
PU,Pholadidae,Pholad Unidentified,PU,.,.,.,INVERT,UPC,PLANKTIVORE,HARD,SESSILE,SOLITARY,Pholadidae,252,Family,Animalia,Mollusca,Bivalvia,Myida,Pholadidae,.,.,.
PHOR,Phoronis ijimai,Phoronid,PHOR,.,.,.,INVERT,UPC,PLANKTIVORE,HARD,SESSILE,AGGREGATED,Phoronis ijimai,237586,Species,Animalia,Phoronida,.,.,Phoronidae,Phoronis,.,.
PA,Phragmatopoma californica,Colonial Sand Tube Worm,PA,.,.,.,INVERT,UPC,PLANKTIVORE,HARD,SESSILE,AGGREGATED,Phragmatopoma californica,334501,Species,Animalia,Annelida,Polychaeta,.,Sabellariidae,Phragmatopoma,.,.
PHSE,Phycodrys setchellii,.,PHSE,.,.,.,ALGAE,UPC,PRODUCER,HARD,SESSILE,SOLITARY,Phycodrys setchellii,372630,Species,Plantae,Rhodophyta,Florideophyceae,Ceramiales,Delesseriaceae,Phycodrys,.,.
PHSP,Actinostella californica,Sand Anemone,PHSP,.,.,.,INVERT,UPC,PLANKTIVORE,HARD,SESSILE,AGGREGATED,Actinostella californica,289353,Species,Animalia,Cnidaria,Anthozoa,Actiniaria,Actiniidae,Actinostella,.,.
PHTO,Phyllospadix torreyi,Surfgrass,PHTO,.,.,.,PLANT,DETRITUS,PRODUCER,HARD,SESSILE,AGGREGATED,Phyllospadix torreyi,374709,Species,Plantae,Tracheophyta,Magnoliopsida,Alismatales,Cymodoceaceae,Phyllospadix,.,.
PHTO,Phyllospadix torreyi,Surfgrass,PHTO,.,.,.,PLANT,UPC,PRODUCER,HARD,SESSILE,AGGREGATED,Phyllospadix torreyi,374709,Species,Plantae,Tracheophyta,Magnoliopsida,Alismatales,Cymodoceaceae,Phyllospadix,.,.
PISP,Pikea spp.,.,PISP,.,.,.,ALGAE,UPC,PRODUCER,HARD,SESSILE,SOLITARY,Pikea,144034,Genus,Plantae,Rhodophyta,Florideophyceae,Gigartinales,Dumontiaceae,Pikea,.,.
PBL,Pisaster brevispinus,Short Spined Sea Star,PBL,adult (>=2.5cm),2.5,50,INVERT,SWATH,MESOCARNIVORE,HARD,MOBILE,SOLITARY,Pisaster brevispinus,240757,Species,Animalia,Echinodermata,Asteroidea,Forcipulatida,Asteriidae,Pisaster,.,.
PBS,Pisaster brevispinus,Short Spined Sea Star,PBL,juvenile (<2.5cm),1,2.5,INVERT,QUAD,MESOCARNIVORE,HARD,MOBILE,SOLITARY,Pisaster brevispinus,240757,Species,Animalia,Echinodermata,Asteroidea,Forcipulatida,Asteriidae,Pisaster,.,.
PGL,Pisaster giganteus,Giant Spined Sea Star,PGL,adult (>=2.5cm),2.5,57,INVERT,SWATH,MESOCARNIVORE,HARD,MOBILE,SOLITARY,Pisaster giganteus,240758,Species,Animalia,Echinodermata,Asteroidea,Forcipulatida,Asteriidae,Pisaster,.,.
PGLD,Pisaster giganteus,Giant Spined Sea Star Wasting Disease,PGL,adult (>=2.5cm),.,.,INVERT,SWATH,MESOCARNIVORE,HARD,MOBILE,SOLITARY,Pisaster giganteus,240758,Species,Animalia,Echinodermata,Asteroidea,Forcipulatida,Asteriidae,Pisaster,.,.
PGS,Pisaster giganteus,Giant Spined Sea Star,PGL,juvenile (<2.5cm),1,2.5,INVERT,QUAD,MESOCARNIVORE,HARD,MOBILE,SOLITARY,Pisaster giganteus,240758,Species,Animalia,Echinodermata,Asteroidea,Forcipulatida,Asteriidae,Pisaster,.,.
POL,Pisaster ochraceus,Ochre sea star,POL,adult (>=2.5cm),2.5,50,INVERT,SWATH,MESOCARNIVORE,HARD,MOBILE,SOLITARY,Pisaster ochraceus,240755,Species,Animalia,Echinodermata,Asteroidea,Forcipulatida,Asteriidae,Pisaster,.,.
POS,Pisaster ochraceus,Ochre Sea Star,POL,juvenile (<2.5cm),1,2.5,INVERT,QUAD,MESOCARNIVORE,HARD,MOBILE,SOLITARY,Pisaster ochraceus,240755,Species,Animalia,Echinodermata,Asteroidea,Forcipulatida,Asteriidae,Pisaster,.,.
PIEL,Pista elongata,.,PIEL,.,.,.,INVERT,UPC,PLANKTIVORE,HARD,SESSILE,SOLITARY,Pista elongata,330759,Species,Animalia,Annelida,Polychaeta,Terebellida,Terebellidae,Pista,.,.
TDL,Plantae,Terrestrial detritus leaves,.,.,.,.,PLANT,DETRITUS,PRODUCER,.,.,.,Plantae,3,Kingdom,Plantae,.,.,.,.,.,.,.
TDS,Plantae,Terrestrial detritus sticks,.,.,.,.,PLANT,DETRITUS,PRODUCER,.,.,.,Plantae,3,Kingdom,Plantae,.,.,.,.,.,.,.
PLTR,Platyrhinoidis triseriata,Thornback Ray,PLTR,.,.,.,FISH,FISH,MACROCARNIVORE,SOFT,MOBILE,SOLITARY,Platyrhinoidis triseriata,282280,Species,Animalia,Chordata,Elasmobranchii,Rajiformes,Rhinobatidae,Platyrhinoidis,.,.
PTRY,Platyrhinoidis triseriata,Thornback guitarfish ,PTRY,.,30,120,FISH,FISH,MACROCARNIVORE,SOFT,MOBILE,SOLITARY,Platyrhinoidis triseriata,282280,Species,Animalia,Chordata,Elasmobranchii,Rajiformes,Rhinobatidae,Platyrhinoidis,.,.
PLCA,Plocamium cartilagineum,.,PLCA,.,.,.,ALGAE,UPC,PRODUCER,HARD,SESSILE,SOLITARY,Plocamium cartilagineum,145782,Species,Plantae,Rhodophyta,Florideophyceae,Plocamiales,Plocamiaceae,Plocamium,.,.
PLUM,Plumularia spp.,Hydroid,PLUM,.,.,.,INVERT,UPC,PLANKTIVORE,HARD,SESSILE,AGGREGATED,Plumularia,117196,Genus,Animalia,Cnidaria,Hydrozoa,Leptothecata,Plumulariidae,Plumularia,.,.
POPL,Polyclinum planum,Elephant Ear Tunicate,POPL,.,2,18,INVERT,QUAD,PLANKTIVORE,HARD,SESSILE,SOLITARY,Polyclinum planum,251110,Species,Animalia,Chordata,Ascidiacea,Aplousobranchia,Polyclinidae,Polyclinum,.,.
POPL,Polyclinum planum,Elephant Ear Tunicate,POPL,.,.,.,INVERT,UPC,PLANKTIVORE,HARD,SESSILE,SOLITARY,Polyclinum planum,251110,Species,Animalia,Chordata,Ascidiacea,Aplousobranchia,Polyclinidae,Polyclinum,.,.
POLA,Polyneura latissima,.,POLA,.,.,.,ALGAE,DETRITUS,PRODUCER,HARD,SESSILE,AGGREGATED,Polyneura latissima,372634,Species,Plantae,Rhodophyta,Florideophyceae,Ceramiales,Delesseriaceae,Polyneura,.,.
POLA,Polyneura latissima,.,POLA,.,.,.,ALGAE,UPC,PRODUCER,HARD,SESSILE,AGGREGATED,Polyneura latissima,372634,Species,Plantae,Rhodophyta,Florideophyceae,Ceramiales,Delesseriaceae,Polyneura,.,.
PONO,Porichthys notatus,Plainfin Midshipman,PONO,.,20,30,FISH,FISH,MESOCARNIVORE,SOFT,MOBILE,SOLITARY,Porichthys notatus,275658,Species,Animalia,Chordata,Actinopterygii,Batrachoidiformes,Batrachoididae,Porichthys,.,.
HIP,Primavelans mexicana,Southern Fluted Bryozoan,HIP,.,.,.,INVERT,UPC,PLANKTIVORE,HARD,SESSILE,AGGREGATED,Primavelans mexicana,472024,Species,Animalia,Bryozoa,Gymnolaemata,Cheilostomatida,Pacificincolidae,Primavelans,Hippodiplosia,insculpta
PL,Prionitis lanceolata,.,PL,.,.,.,ALGAE,DETRITUS,PRODUCER,HARD,SESSILE,SOLITARY,Prionitis lanceolata,496247,Species,Plantae,Rhodophyta,Florideophyceae,Halymeniales,Halymeniaceae,Prionitis,.,.
PL,Prionitis lanceolata,.,PL,.,.,.,ALGAE,UPC,PRODUCER,HARD,SESSILE,SOLITARY,Prionitis lanceolata,496247,Species,Plantae,Rhodophyta,Florideophyceae,Halymeniales,Halymeniaceae,Prionitis,.,.
PRSP,Prionitis linearis,.,PRSP,.,.,.,ALGAE,DETRITUS,PRODUCER,HARD,SESSILE,SOLITARY,Prionitis linearis,213821,Species,Plantae,Rhodophyta,Florideophyceae,Halymeniales,Halymeniaceae,Prionitis,.,.
PRSP,Prionitis linearis,.,PRSP,.,.,.,ALGAE,UPC,PRODUCER,HARD,SESSILE,SOLITARY,Prionitis linearis,213821,Species,Plantae,Rhodophyta,Florideophyceae,Halymeniales,Halymeniaceae,Prionitis,.,.
RPRO,Pseudobatos productus,Shovelnose Guitarfish,RPRO,.,7,110,FISH,FISH,MACROCARNIVORE,SOFT,MOBILE,SOLITARY,Pseudobatos productus,1043469,Species,Animalia,Chordata,Elasmobranchii,Rajiformes,Rhinobatidae,Pseudobatos,.,.
PTTR,Pteropurpura trialata,Three-Winged Murex,PTTR,.,1,8,INVERT,QUAD,MICROCARNIVORE,HARD,MOBILE,SOLITARY,Pteropurpura trialata,743650,Species,Animalia,Mollusca,Gastropoda,Neogastropoda,Muricidae,Pteropurpura,.,.
PTDE,Symphyocladiella dendroidea,.,PTDE,.,.,.,ALGAE,UPC,PRODUCER,HARD,SESSILE,SOLITARY,Symphyocladiella dendroidea,1356824,Species,Plantae,Rhodophyta,Florideophyceae,Ceramiales,Rhodomelaceae,Symphyocladiella,Pterosiphonia, dendroidia
PH,Pterygophora californica,.,PTCA,holdfast,.,.,ALGAE,UPC,PRODUCER,HARD,SESSILE,SOLITARY,Pterygophora californica,240750,Species,Chromista,Ochrophyta,Phaeophyceae,Laminariales,Alariaceae,Pterygophora,.,.
PTCA,Pterygophora californica,Palm Kelp,PTCA,adult stipe(>20 cm lgth >0.5 cm diam),.,.,ALGAE,DETRITUS,PRODUCER,HARD,SESSILE,SOLITARY,Pterygophora californica,240750,Species,Chromista,Ochrophyta,Phaeophyceae,Laminariales,Alariaceae,Pterygophora,.,.
PTCA,Pterygophora californica,Palm Kelp,PTCA,adult stipe(>20 cm lgth >0.5 cm diam),0,28,ALGAE,SWATH,PRODUCER,HARD,SESSILE,SOLITARY,Pterygophora californica,240750,Species,Chromista,Ochrophyta,Phaeophyceae,Laminariales,Alariaceae,Pterygophora,.,.
PTJ,Pterygophora californica,.,PTCA,juvenile(<20 cm stipe length ),.,.,ALGAE,DETRITUS,PRODUCER,HARD,SESSILE,SOLITARY,Pterygophora californica,240750,Species,Chromista,Ochrophyta,Phaeophyceae,Laminariales,Alariaceae,Pterygophora,.,.
PTJ,Pterygophora californica,.,PTCA,juvenile(<20 cm stipe length ),.,.,ALGAE,QUAD,PRODUCER,HARD,SESSILE,SOLITARY,Pterygophora californica,240750,Species,Chromista,Ochrophyta,Phaeophyceae,Laminariales,Alariaceae,Pterygophora,.,.
PTL,Pterygophora californica,.,PTCA,subadult (>20 cm stipe length < 0.5cm diam),.,.,ALGAE,DETRITUS,PRODUCER,HARD,SESSILE,SOLITARY,Pterygophora californica,240750,Species,Chromista,Ochrophyta,Phaeophyceae,Laminariales,Alariaceae,Pterygophora,.,.
PTL,Pterygophora californica,.,PTCA,subadult (>20 cm stipe length < 0.5cm diam),.,.,ALGAE,QUAD,PRODUCER,HARD,SESSILE,SOLITARY,Pterygophora californica,240750,Species,Chromista,Ochrophyta,Phaeophyceae,Laminariales,Alariaceae,Pterygophora,.,.
PUPR,Pugettia producta,Kelp Crab,PUPR,.,2,12,INVERT,SWATH,GRAZER,HARD,MOBILE,SOLITARY,Pugettia producta,240780,Species,Animalia,Arthropoda,Malacostraca,Decapoda,Epialtidae,Pugettia,.,.
PYST,Pycnoclavella stanleyi,Yellow Social Tunicate,PYST,.,.,.,INVERT,UPC,PLANKTIVORE,HARD,SESSILE,AGGREGATED,Pycnoclavella stanleyi,251245,Species,Animalia,Chordata,Ascidiacea,Aplousobranchia,Clavelinidae,Pycnoclavella,.,.
PHL,Pycnopodia helianthoides,Sunflower Sea Star,PHL,adult (>=2.5cm),2.5,60,INVERT,SWATH,MESOCARNIVORE,HARD,MOBILE,SOLITARY,Pycnopodia helianthoides,240764,Species,Animalia,Echinodermata,Asteroidea,Forcipulatida,Asteriidae,Pycnopodia,.,.
PHS,Pycnopodia helianthoides,Sunflower Sea Star,PHL,juvenile (<2.5cm),1,2.5,INVERT,QUAD,MESOCARNIVORE,HARD,MOBILE,SOLITARY,Pycnopodia helianthoides,240764,Species,Animalia,Echinodermata,Asteroidea,Forcipulatida,Asteriidae,Pycnopodia,.,.
REKO,Renilla koellikeri,Sea Pansy,REKO,.,.,.,INVERT,QUAD,PLANKTIVORE,SOFT,SESSILE,SOLITARY,Renilla koellikeri,290961,Species,Animalia,Cnidaria,Anthozoa,Pennatulacea,Renillidae,Renilla,.,.
REKO,Renilla koellikeri,Sea Pansy,REKO,.,.,.,INVERT,UPC,PLANKTIVORE,SOFT,SESSILE,SOLITARY,Renilla koellikeri,290961,Species,Animalia,Cnidaria,Anthozoa,Pennatulacea,Renillidae,Renilla,.,.
RTOX,Rhacochilus toxotes,Rubberlip Surfperch,RTOX,.,10,45,FISH,FISH,MESOCARNIVORE,HARD,MOBILE,SOLITARY,Rhacochilus toxotes,282575,Species,Animalia,Chordata,Actinopterygii,Perciformes,Embiotocidae,Rhacochilus,.,.
DVAC,Rhacochilus vacca,Pile Surfperch,DVAC,.,4,45,FISH,FISH,MESOCARNIVORE,HARD,MOBILE,SOLITARY,Rhacochilus vacca,282576,Species,Animalia,Chordata,Actinopterygii,Perciformes,Embiotocidae,Rhacochilus,Damalichthys,vacca
CNIC,Rhinogobiops nicholsii,Blackeye Goby,CNIC,.,1,18,FISH,CRYPTIC FISH,MICROCARNIVORE,HARD,MOBILE,SOLITARY,Rhinogobiops nicholsii,282580,Species,Animalia,Chordata,Actinopterygii,Perciformes,Gobiidae,Rhinogobiops,Coryphopterus,nicholsii
BR,Halymenia spp.; Schizymenia pacifica,Blady red,BR,.,.,.,ALGAE,DETRITUS,PRODUCER,HARD,SESSILE,AGGREGATED,Florideophyceae,368670,Class,Plantae,Rhodophyta,Florideophyceae,.,.,.,.,.
BR,Halymenia spp.; Schizymenia pacifica,Blady red,BR,.,.,.,ALGAE,UPC,PRODUCER,HARD,SESSILE,AGGREGATED,Florideophyceae,368670,Class,Plantae,Rhodophyta,Florideophyceae,.,.,.,.,.
BRA,Unidentifiable Branching Red Alga,Branching red alga - not a unique species,BRA,.,.,.,ALGAE,UPC,PRODUCER,HARD,SESSILE,AGGREGATED,Rhodophyta,852,Phylum (Division),Plantae,Rhodophyta,.,.,.,.,.,.
ER,Hildenbrandia spp.,Encrusting red algae,ER,.,.,.,ALGAE,UPC,PRODUCER,HARD,SESSILE,SOLITARY,Hildenbrandia,144191,Genus,Plantae,Rhodophyta,Florideophyceae,Hildenbrandiales,Hildenbrandiaceae,Hildenbrandia,.,.
FR,Rhodophyta,filamentous red,FR,.,.,.,ALGAE,DETRITUS,PRODUCER,HARD,SESSILE,AGGREGATED,Rhodophyta,852,Phylum (Division),Plantae,Rhodophyta,.,.,.,.,.,.
FR,Rhodophyta,filamentous red,FR,.,.,.,ALGAE,UPC,PRODUCER,HARD,SESSILE,AGGREGATED,Rhodophyta,852,Phylum (Division),Plantae,Rhodophyta,.,.,.,.,.,.
RAT,small Ceramiaceae spp.,Red algal turf,RAT,.,.,.,ALGAE,DETRITUS,PRODUCER,HARD,SESSILE,AGGREGATED,Ceramiaceae,143671,Family,Plantae,Rhodophyta,Florideophyceae,Ceramiales,Ceramiaceae,.,.,.
RAT,small Ceramiaceae spp.,Red algal turf,RAT,.,.,.,ALGAE,UPC,PRODUCER,HARD,SESSILE,AGGREGATED,Ceramiaceae,143671,Family,Plantae,Rhodophyta,Florideophyceae,Ceramiales,Ceramiaceae,.,.,.
UEC,Amphiroa beauvoisii,.,UEC,.,.,.,ALGAE,UPC,PRODUCER,HARD,SESSILE,AGGREGATED,Amphiroa beauvoisii,145097,Species,Plantae,Rhodophyta,Florideophyceae,Corallinales,Lithophyllaceae,Amphiroa,.,.
R,Rhodymenia californica,.,R,.,.,.,ALGAE,DETRITUS,PRODUCER,HARD,SESSILE,AGGREGATED,Rhodymenia californica,372654,Species,Plantae,Rhodophyta,Florideophyceae,Rhodymeniales,Rhodymeniaceae,Rhodymenia,.,.
R,Rhodymenia californica,.,R,.,.,.,ALGAE,UPC,PRODUCER,HARD,SESSILE,AGGREGATED,Rhodymenia californica,372654,Species,Plantae,Rhodophyta,Florideophyceae,Rhodymeniales,Rhodymeniaceae,Rhodymenia,.,.
RP,Rhodymenia pacifica,.,RP,.,.,.,ALGAE,UPC,PRODUCER,HARD,SESSILE,AGGREGATED,Rhodymenia pacifica,372653,Species,Plantae,Rhodophyta,Florideophyceae,Rhodymeniales,Rhodymeniaceae,Rhodymenia,.,.
SABW,Sabellidae spp.,Sabellid Wom,SABW,.,.,.,INVERT,QUAD,PLANKTIVORE,HARD,SESSILE,SOLITARY,Sabellidae,985,Family,Animalia,Annelida,Polychaeta,Sabellida,Sabellidae,.,.,.
SABW,Sabellidae spp.,Sabellid Wom,SABW,.,.,.,INVERT,UPC,PLANKTIVORE,HARD,SESSILE,SOLITARY,Sabellidae,985,Family,Animalia,Annelida,Polychaeta,Sabellida,Sabellidae,.,.,.
ST,Salmacina tribranchiata,Fragile Tube Worm,ST,.,.,.,INVERT,UPC,PLANKTIVORE,HARD,SESSILE,AGGREGATED,Salmacina tribranchiata,334720,Species,Animalia,Annelida,Polychaeta,Sabellida,Serpulidae,Salmacina,.,.
SAFU,Sarcodiotheca furcata,.,SAFU,.,.,.,ALGAE,DETRITUS,PRODUCER,HARD,SESSILE,AGGREGATED,Sarcodiotheca furcata,372759,Species,Plantae,Rhodophyta,Florideophyceae,Gigartinales,Solieriaceae,Sarcodiotheca,.,.
SAFU,Sarcodiotheca furcata,.,SAFU,.,.,.,ALGAE,UPC,PRODUCER,HARD,SESSILE,AGGREGATED,Sarcodiotheca furcata,372759,Species,Plantae,Rhodophyta,Florideophyceae,Gigartinales,Solieriaceae,Sarcodiotheca,.,.
SAGA,Sarcodiotheca gaudichaudii,.,SAGA,.,.,.,ALGAE,DETRITUS,PRODUCER,HARD,SESSILE,AGGREGATED,Sarcodiotheca gaudichaudii,372656,Species,Plantae,Rhodophyta,Florideophyceae,Gigartinales,Solieriaceae,Sarcodiotheca,.,.
SAGA,Sarcodiotheca gaudichaudii,.,SAGA,.,.,.,ALGAE,UPC,PRODUCER,HARD,SESSILE,AGGREGATED,Sarcodiotheca gaudichaudii,372656,Species,Plantae,Rhodophyta,Florideophyceae,Gigartinales,Solieriaceae,Sarcodiotheca,.,.
SAHO,Sargassum horneri,.,SAHO,Adult (> 5cm height),.,.,ALGAE,DETRITUS,PRODUCER,HARD,SESSILE,SOLITARY,Sargassum horneri,494853,Species,Chromista,Ochrophyta,Phaeophyceae,Fucales,Sargassaceae,Sargassum,.,.
SAHO,Sargassum horneri,.,SAHO,Adult (> 5cm height),3,50,ALGAE,QUAD,PRODUCER,HARD,SESSILE,SOLITARY,Sargassum horneri,494853,Species,Chromista,Ochrophyta,Phaeophyceae,Fucales,Sargassaceae,Sargassum,.,.
SAHO,Sargassum horneri,.,SAHO,Adult (> 5cm height),.,.,ALGAE,SWATH,PRODUCER,HARD,SESSILE,SOLITARY,Sargassum horneri,494853,Species,Chromista,Ochrophyta,Phaeophyceae,Fucales,Sargassaceae,Sargassum,.,.
SAHO,Sargassum horneri,.,SAHO,cover of adult or juvenile basal structures,.,.,ALGAE,UPC,PRODUCER,HARD,SESSILE,SOLITARY,Sargassum horneri,494853,Species,Chromista,Ochrophyta,Phaeophyceae,Fucales,Sargassaceae,Sargassum,.,.
SHJ,Sargassum horneri,.,SAHO,juvenile(<5cm height),.,.,ALGAE,QUAD,PRODUCER,HARD,SESSILE,SOLITARY,Sargassum horneri,494853,Species,Chromista,Ochrophyta,Phaeophyceae,Fucales,Sargassaceae,Sargassum,.,.
SAMU,Sargassum muticum,Wire-weed,SAMU,Adult (> 5cm height),.,.,ALGAE,DETRITUS,PRODUCER,HARD,SESSILE,SOLITARY,Sargassum muticum,494791,Species,Chromista,Ochrophyta,Phaeophyceae,Fucales,Sargassaceae,Sargassum,.,.
SAMU,Sargassum muticum,Wire-weed,SAMU,Adult (> 5cm height),3,150,ALGAE,QUAD,PRODUCER,HARD,SESSILE,SOLITARY,Sargassum muticum,494791,Species,Chromista,Ochrophyta,Phaeophyceae,Fucales,Sargassaceae,Sargassum,.,.
SAMU,Sargassum muticum,Wire-weed,SAMU,Adult (> 5cm height),3,150,ALGAE,SWATH,PRODUCER,HARD,SESSILE,SOLITARY,Sargassum muticum,494791,Species,Chromista,Ochrophyta,Phaeophyceae,Fucales,Sargassaceae,Sargassum,.,.
SAMU,Sargassum muticum,Wire-weed,SAMU,cover of adult or juvenile basal structures,.,.,ALGAE,UPC,PRODUCER,HARD,SESSILE,SOLITARY,Sargassum muticum,494791,Species,Chromista,Ochrophyta,Phaeophyceae,Fucales,Sargassaceae,Sargassum,.,.
SMJ,Sargassum muticum,Wire-weed,SAMU,juvenile(<5cm height),.,.,ALGAE,QUAD,PRODUCER,HARD,SESSILE,SOLITARY,Sargassum muticum,494791,Species,Chromista,Ochrophyta,Phaeophyceae,Fucales,Sargassaceae,Sargassum,.,.
SCCA,Scinaia confusa,.,SCCA,.,.,.,ALGAE,DETRITUS,PRODUCER,HARD,SESSILE,AGGREGATED,Scinaia confusa,372659,Species,Plantae,Rhodophyta,Florideophyceae,Nemaliales,Scinaiaceae,Scinaia,.,.
SCCA,Scinaia confusa,.,SCCA,.,.,.,ALGAE,UPC,PRODUCER,HARD,SESSILE,AGGREGATED,Scinaia confusa,372659,Species,Plantae,Rhodophyta,Florideophyceae,Nemaliales,Scinaiaceae,Scinaia,.,.
SGUT,Scorpaena guttata,California Scorpionfish,SGUT,.,5,35,FISH,FISH,MESOCARNIVORE,HARD,MOBILE,SOLITARY,Scorpaena guttata,274713,Species,Animalia,Chordata,Actinopterygii,Scorpaeniformes,Scorpaenidae,Scorpaena,.,.
SMAR,Scorpaenichthys marmoratus,Cabezon,SMAR,.,5,70,FISH,FISH,MESOCARNIVORE,HARD,MOBILE,SOLITARY,Scorpaenichthys marmoratus,282726,Species,Animalia,Chordata,Actinopterygii,Scorpaeniformes,Cottidae,Scorpaenichthys,.,.
SELO,Scytosiphon lomentaria,.,SELO,.,.,.,ALGAE,QUAD,PRODUCER,HARD,SESSILE,AGGREGATED,Scytosiphon lomentaria,145869,Species,Chromista,Ochrophyta,Phaeophyceae,Ectocarpales,Scytosiphonaceae,Scytosiphon,.,.
SELO,Scytosiphon lomentaria,.,SELO,.,.,.,ALGAE,UPC,PRODUCER,HARD,SESSILE,AGGREGATED,Scytosiphon lomentaria,145869,Species,Chromista,Ochrophyta,Phaeophyceae,Ectocarpales,Scytosiphonaceae,Scytosiphon,.,.
SCSP,Unidentified YOY Sebastes,Young of Year Rockfish,SCSP,.,2,40,FISH,FISH,MICROCARNIVORE,HARD,MOBILE,SOLITARY,Sebastes,126175,Genus,Animalia,Chordata,Actinopterygii,Scorpaeniformes,Sebastidae,Sebastes,.,.
SATR,Sebastes atrovirens,Kelp Rockfish,SATR,.,5,40,FISH,FISH,MESOCARNIVORE,HARD,MOBILE,SOLITARY,Sebastes atrovirens,274772,Species,Animalia,Chordata,Actinopterygii,Scorpaeniformes,Sebastidae,Sebastes,.,.
SAUR,Sebastes auriculatus,Brown Rockfish,SAUR,.,3,41,FISH,FISH,MESOCARNIVORE,HARD,MOBILE,SOLITARY,Sebastes auriculatus,274773,Species,Animalia,Chordata,Actinopterygii,Scorpaeniformes,Sebastidae,Sebastes,.,.
SCAR,Sebastes carnatus,Gopher Rockfish,SCAR,.,3,40,FISH,FISH,MESOCARNIVORE,HARD,MOBILE,SOLITARY,Sebastes carnatus,274779,Species,Animalia,Chordata,Actinopterygii,Scorpaeniformes,Sebastidae,Sebastes,.,.
SCAU,Sebastes caurinus,Copper Rockfish,SCAU,.,4,40,FISH,FISH,MESOCARNIVORE,HARD,MOBILE,SOLITARY,Sebastes caurinus,274780,Species,Animalia,Chordata,Actinopterygii,Scorpaeniformes,Sebastidae,Sebastes,.,.
SCHR,Sebastes chrysomelas,Black and Yellow Rockfish,SCHR,.,4,40,FISH,FISH,MESOCARNIVORE,HARD,MOBILE,SOLITARY,Sebastes chrysomelas,240737,Species,Animalia,Chordata,Actinopterygii,Scorpaeniformes,Sebastidae,Sebastes,.,.
SFLA,Sebastes flavidus,Yellowtail Rockfish,SFLA,.,5,35,FISH,FISH,MESOCARNIVORE,HARD,MOBILE,SOLITARY,Sebastes flavidus,274795,Species,Animalia,Chordata,Actinopterygii,Scorpaeniformes,Sebastidae,Sebastes,.,.
SMIN,Sebastes miniatus,Vermilion Rockfish,SMIN,.,3,40,FISH,FISH,MESOCARNIVORE,HARD,MOBILE,SOLITARY,Sebastes miniatus,274820,Species,Animalia,Chordata,Actinopterygii,Scorpaeniformes,Sebastidae,Sebastes,.,.
SMYS,Sebastes mystinus,Blue Rockfish,SMYS,.,3,30,FISH,FISH,MESOCARNIVORE,HARD,MOBILE,SOLITARY,Sebastes mystinus,274823,Species,Animalia,Chordata,Actinopterygii,Scorpaeniformes,Sebastidae,Sebastes,.,.
SPAU,Sebastes paucispinis,Boccacio,SPAU,.,3,40,FISH,FISH,MESOCARNIVORE,HARD,MOBILE,SOLITARY,Sebastes paucispinis,274833,Species,Animalia,Chordata,Actinopterygii,Scorpaeniformes,Sebastidae,Sebastes,.,.
SRAS,Sebastes rastrelliger,Grass Rockfish,SRAS,.,4,40,FISH,FISH,MESOCARNIVORE,HARD,MOBILE,SOLITARY,Sebastes rastrelliger,274839,Species,Animalia,Chordata,Actinopterygii,Scorpaeniformes,Sebastidae,Sebastes,.,.
SSER,Sebastes serranoides,Olive Rockfish,SSER,.,3,40,FISH,FISH,MESOCARNIVORE,HARD,MOBILE,SOLITARY,Sebastes serranoides,274852,Species,Animalia,Chordata,Actinopterygii,Scorpaeniformes,Sebastidae,Sebastes,.,.
STRE,Sebastes serriceps,Treefish,STRE,.,4,40,FISH,FISH,MESOCARNIVORE,HARD,MOBILE,SOLITARY,Sebastes serriceps,274853,Species,Animalia,Chordata,Actinopterygii,Scorpaeniformes,Sebastidae,Sebastes,.,.
SPUL,Semicossyphus pulcher,California Sheephead,SPUL,.,3,75,FISH,FISH,MESOCARNIVORE,HARD,MOBILE,SOLITARY,Semicossyphus pulcher,282753,Species,Animalia,Chordata,Actinopterygii,Perciformes,Labridae,Semicossyphus,.,.
SC,Spheciospongia confoederata,Grey Moon Sponge,SC,.,.,.,INVERT,UPC,PLANKTIVORE,HARD,SESSILE,AGGREGATED,Spheciospongia confoederata,170531,Species,Animalia,Porifera,Demospongiae,Clionaida,Clionaidae,Spheciospongia,.,.
SPAR,Sphyraena argentea,Pacific Barracuda,SPAR,.,20,70,FISH,FISH,MACROCARNIVORE,HARD,MOBILE,SOLITARY,Sphyraena argentea,273978,Species,Animalia,Chordata,Actinopterygii,Perciformes,Sphyraenidae,Sphyraena,.,.
SCAL,Squatina californica,Pacific Angel Shark,SCAL,.,30,180,FISH,FISH,MESOCARNIVORE,SOFT,MOBILE,SOLITARY,Squatina californica,271667,Species,Animalia,Chordata,Elasmobranchii,Squatiniformes,Squatinidae,Squatina,.,.
STIN,Stenogramma californicum,.,STIN,.,.,.,ALGAE,DETRITUS,PRODUCER,HARD,SESSILE,SOLITARY,Stenogramma californicum,497059,Species,Plantae,Rhodophyta,Florideophyceae,Gigartinales,Phyllophoraceae,Stenogramma,Stenogramme,interrupta
STIN,Stenogramma californicum,.,STIN,.,.,.,ALGAE,UPC,PRODUCER,HARD,SESSILE,SOLITARY,Stenogramma californicum,497059,Species,Plantae,Rhodophyta,Florideophyceae,Gigartinales,Phyllophoraceae,Stenogramma,Stenogramme,interrupta
CH,Stephanocystis osmundacea,.,CYOS,holdfast,.,.,ALGAE,UPC,PRODUCER,HARD,SESSILE,SOLITARY,Stephanocystis osmundacea,502165,Species,Chromista,Ochrophyta,Phaeophyceae,Fucales,Sargassaceae,Stephanocystis,Cystoseira,osmundacea
CYJ,Stephanocystis osmundacea,.,CYOS,juvenile (<5cm diam),.,.,ALGAE,DETRITUS,PRODUCER,HARD,SESSILE,SOLITARY,Stephanocystis osmundacea,502165,Species,Chromista,Ochrophyta,Phaeophyceae,Fucales,Sargassaceae,Stephanocystis,Cystoseira,osmundacea
CYJ,Stephanocystis osmundacea,.,CYOS,juvenile (<5cm diam),.,.,ALGAE,QUAD,PRODUCER,HARD,SESSILE,SOLITARY,Stephanocystis osmundacea,502165,Species,Chromista,Ochrophyta,Phaeophyceae,Fucales,Sargassaceae,Stephanocystis,Cystoseira,osmundacea
CYOS,Stephanocystis osmundacea,.,CYOS,adult (>5cm diam),.,.,ALGAE,DETRITUS,PRODUCER,HARD,SESSILE,SOLITARY,Stephanocystis osmundacea,502165,Species,Chromista,Ochrophyta,Phaeophyceae,Fucales,Sargassaceae,Stephanocystis,Cystoseira,osmundacea
CYOS,Stephanocystis osmundacea,.,CYOS,adult (>5cm diam),.,.,ALGAE,SWATH,PRODUCER,HARD,SESSILE,SOLITARY,Stephanocystis osmundacea,502165,Species,Chromista,Ochrophyta,Phaeophyceae,Fucales,Sargassaceae,Stephanocystis,Cystoseira,osmundacea
CYOS,Stephanocystis osmundacea,.,CYOS,adult (>5cm diam),.,.,ALGAE,UPC,PRODUCER,HARD,SESSILE,SOLITARY,Stephanocystis osmundacea,502165,Species,Chromista,Ochrophyta,Phaeophyceae,Fucales,Sargassaceae,Stephanocystis,Cystoseira,osmundacea
CYOS_R,Stephanocystis osmundacea,Reproductive frond,CYOS,reproductive fronds any size,.,.,ALGAE,DETRITUS,PRODUCER,HARD,SESSILE,SOLITARY,Stephanocystis osmundacea,502165,Species,Chromista,Ochrophyta,Phaeophyceae,Fucales,Sargassaceae,Stephanocystis,Cystoseira,osmundacea
CYOS_R,Stephanocystis osmundacea,Reproductive frond,CYOS,reproductive fronds (>1m height),100,900,ALGAE,SWATH,PRODUCER,HARD,SESSILE,SOLITARY,Stephanocystis osmundacea,502165,Species,Chromista,Ochrophyta,Phaeophyceae,Fucales,Sargassaceae,Stephanocystis,Cystoseira,osmundacea
SGIG,Stereolepis gigas,Giant Sea Bass,SGIG,.,10,20,FISH,FISH,MACROCARNIVORE,HARD,MOBILE,SOLITARY,Stereolepis gigas,282884,Species,Animalia,Chordata,Actinopterygii,Perciformes,Polyprionidae,Stereolepis,.,.
SPL,Strongylocentrotus purpuratus,Purple Urchin,SPL,adult (>=2.5cm),2.5,9,INVERT,QUAD,GRAZER,HARD,MOBILE,SOLITARY,Strongylocentrotus purpuratus,240747,Species,Animalia,Echinodermata,Echinoidea,Camarodonta,Strongylocentrotidae,Strongylocentrotus,.,.
SPL,Strongylocentrotus purpuratus,Purple Urchin,SPL,adult (>2.5cm),2.5,9,INVERT,URCHINS,GRAZER,HARD,MOBILE,SOLITARY,Strongylocentrotus purpuratus,240747,Species,Animalia,Echinodermata,Echinoidea,Camarodonta,Strongylocentrotidae,Strongylocentrotus,.,.
SPS,Strongylocentrotus purpuratus,Purple Urchin,SPL,juvenile (<2.5cm),1,2.49,INVERT,QUAD,GRAZER,HARD,MOBILE,SOLITARY,Strongylocentrotus purpuratus,240747,Species,Animalia,Echinodermata,Echinoidea,Camarodonta,Strongylocentrotidae,Strongylocentrotus,.,.
SPS,Strongylocentrotus purpuratus,Purple Urchin,SPL,juvenile (<2.5cm),1,2.49,INVERT,URCHINS,GRAZER,HARD,MOBILE,SOLITARY,Strongylocentrotus purpuratus,240747,Species,Animalia,Echinodermata,Echinoidea,Camarodonta,Strongylocentrotidae,Strongylocentrotus,.,.
STMO,Styela montereyensis,Stalked Tunicate,STMO,.,0.1,3.5,INVERT,QUAD,PLANKTIVORE,HARD,SESSILE,SOLITARY,Styela montereyensis,240756,Species,Animalia,Chordata,Ascidiacea,Stolidobranchia,Styelidae,Styela,.,.
STMO,Styela montereyensis,Stalked Tunicate,STMO,.,.,.,INVERT,UPC,PLANKTIVORE,HARD,SESSILE,SOLITARY,Styela montereyensis,240756,Species,Animalia,Chordata,Ascidiacea,Stolidobranchia,Styelidae,Styela,.,.
SYNG,Syngnathus spp. ,Unidentified Pipefish Spp.,SYNG,.,4,30,FISH,FISH,PLANKTIVORE,HARD,MOBILE,SOLITARY,Syngnathus,126227,Genus,Animalia,Chordata,Actinopterygii,Syngnathiformes,Syngnathidae,Syngnathus,.,.
TALE,Taonia lennebackerae,.,TALE,.,.,.,ALGAE,DETRITUS,PRODUCER,HARD,SESSILE,AGGREGATED,Taonia lennebackerae,372695,Species,Chromista,Ochrophyta,Phaeophyceae,Dictyotales,Dictyotaceae,Taonia,.,.
TALE,Taonia lennebackerae,.,TALE,.,.,.,ALGAE,UPC,PRODUCER,HARD,SESSILE,AGGREGATED,Taonia lennebackerae,372695,Species,Chromista,Ochrophyta,Phaeophyceae,Dictyotales,Dictyotaceae,Taonia,.,.
TESP,Tegula spp. ,.,TESP,.,0.5,3,INVERT,QUAD,GRAZER,HARD,MOBILE,SOLITARY,Tegula,413467,Genus,Animalia,Mollusca,Gastropoda,Trochida,Tegulidae,Tegula,.,.
TEAU,Tethya aurantium,Orange Puffball Sponge,TEAU,.,1.2,13,INVERT,QUAD,PLANKTIVORE,HARD,SESSILE,SOLITARY,Tethya aurantium,134311,Species,Animalia,Porifera,Demospongiae,Tethyida,Tethyidae,Tethya,Tethya,aurantia
TEAU,Tethya aurantium,Orange Puffball Sponge,TEAU,.,.,.,INVERT,UPC,PLANKTIVORE,HARD,SESSILE,SOLITARY,Tethya aurantium,134311,Species,Animalia,Porifera,Demospongiae,Tethyida,Tethyidae,Tethya,Tethya,aurantia
TC,Thalamoporella californica,.,TC,.,.,.,INVERT,UPC,PLANKTIVORE,HARD,SESSILE,AGGREGATED,Thalamoporella californica,468453,Species,Animalia,Bryozoa,Gymnolaemata,Cheilostomatida,Thalamoporellidae,Thalamoporella,.,.
SE,Thylacodes squamigerus,Scaled Worm Snail,SE,.,.,.,INVERT,UPC,PLANKTIVORE,HARD,SESSILE,SOLITARY,Thylacodes squamigerus,709499,Species,Animalia,Mollusca,Gastropoda,Littorinimorpha,Vermetidae,Thylacodes,.,.
CILU,Timarete luxuriosa,.,CILU,.,.,.,INVERT,UPC,PLANKTIVORE,HARD,SESSILE,SOLITARY,Timarete luxuriosa,334943,Species,Animalia,Annelida,Polychaeta,Terebellida,Cirratulidae,Timarete,.,.
TSEM,Triakis semifasciata,Leopard Shark,TSEM,.,25,120,FISH,FISH,MACROCARNIVORE,SOFT,MOBILE,SOLITARY,Triakis semifasciata,279060,Species,Animalia,Chordata,Elasmobranchii,Carcharhiniformes,Triakidae,Triakis,.,.
UV,Ulva spp.,Sea Lettuce,UV,.,.,.,ALGAE,DETRITUS,PRODUCER,HARD,SESSILE,SOLITARY,Ulva,144296,Genus,Plantae,Chlorophyta,Ulvophyceae,Ulvales,Ulvaceae,Ulva,.,.
UV,Ulva spp.,Sea Lettuce,UV,.,.,.,ALGAE,UPC,PRODUCER,HARD,SESSILE,SOLITARY,Ulva,144296,Genus,Plantae,Chlorophyta,Ulvophyceae,Ulvales,Ulvaceae,Ulva,.,.
URLO,Urticina eques,Whit-Spotted Rose Anemone,URLO,.,2,15,INVERT,QUAD,MESOCARNIVORE,HARD,SESSILE,SOLITARY,Urticina eques,100833,Species,Animalia,Cnidaria,Anthozoa,Actiniaria,Actiniidae,Urticina,.,.
URLO,Urticina eques,Whit-Spotted Rose Anemone,URLO,.,.,.,INVERT,UPC,MESOCARNIVORE,HARD,SESSILE,SOLITARY,Urticina eques,100833,Species,Animalia,Cnidaria,Anthozoa,Actiniaria,Actiniidae,Urticina,.,.
URPI,Urticina piscivora,Fish Eating Anemone,URPI,.,.,.,INVERT,QUAD,MESOCARNIVORE,HARD,SESSILE,SOLITARY,Urticina piscivora,283445,Species,Animalia,Cnidaria,Anthozoa,Actiniaria,Actiniidae,Urticina,.,.
WASP,Watersipora subatra,.,WASP,.,.,.,INVERT,QUAD,PLANKTIVORE,HARD,SESSILE,AGGREGATED,Watersipora subatra,816025,Species,Animalia,Bryozoa,Gymnolaemata,Cheilostomatida,Watersiporidae,Watersipora,.,.
WASP,Watersipora subatra,.,WASP,.,.,.,INVERT,UPC,PLANKTIVORE,HARD,SESSILE,AGGREGATED,Watersipora subatra,816025,Species,Animalia,Bryozoa,Gymnolaemata,Cheilostomatida,Watersiporidae,Watersipora,.,.
WK,Weeksia reticulata,.,WK,.,.,.,ALGAE,UPC,PRODUCER,HARD,SESSILE,AGGREGATED,Weeksia reticulata,372725,Species,Plantae,Rhodophyta,Florideophyceae,Gigartinales,Dumontiaceae,Weeksia,.,.
ZOMA,Zostera marina,Eel Grass,ZOMA,.,.,.,PLANT,DETRITUS,PRODUCER,HARD,SESSILE,AGGREGATED,Zostera marina,495077,Species,Plantae,Tracheophyta,Magnoliopsida,Alismatales,Zosteraceae,Zostera,.,.
ZOMA,Zostera marina,Eel Grass,ZOMA,.,.,.,PLANT,UPC,PRODUCER,HARD,SESSILE,AGGREGATED,Zostera marina,495077,Species,Plantae,Tracheophyta,Magnoliopsida,Alismatales,Zosteraceae,Zostera,.,.
